"","season","yr","mnth","holiday","weekday","workingday","weathersit","temp","atemp","hum","windspeed","cnt"
"1",1,0,1,0,6,0,2,0.344167,0.363625,0.805833,0.160446,31
"2",1,0,1,0,0,0,2,0.363478,0.353739,0.696087,0.248539,28
"3",1,0,1,0,1,1,1,0.196364,0.189405,0.437273,0.248309,36
"4",1,0,1,0,2,1,1,0.2,0.212122,0.590435,0.160296,39
"5",1,0,1,0,3,1,1,0.226957,0.22927,0.436957,0.1869,40
"6",1,0,1,0,4,1,1,0.204348,0.233209,0.518261,0.0895652,40
"7",1,0,1,0,5,1,2,0.196522,0.208839,0.498696,0.168726,38
"8",1,0,1,0,6,0,2,0.165,0.162254,0.535833,0.266804,30
"9",1,0,1,0,0,0,1,0.138333,0.116175,0.434167,0.36195,28
"10",1,0,1,0,1,1,1,0.150833,0.150888,0.482917,0.223267,36
"11",1,0,1,0,2,1,2,0.169091,0.191464,0.686364,0.122132,35
"12",1,0,1,0,3,1,1,0.172727,0.160473,0.599545,0.304627,34
"13",1,0,1,0,4,1,1,0.165,0.150883,0.470417,0.301,37
"14",1,0,1,0,5,1,1,0.16087,0.188413,0.537826,0.126548,37
"15",1,0,1,0,6,0,2,0.233333,0.248112,0.49875,0.157963,35
"16",1,0,1,0,0,0,1,0.231667,0.234217,0.48375,0.188433,34
"17",1,0,1,1,1,0,2,0.175833,0.176771,0.5375,0.194017,31
"18",1,0,1,0,2,1,2,0.216667,0.232333,0.861667,0.146775,26
"19",1,0,1,0,3,1,2,0.292174,0.298422,0.741739,0.208317,40
"20",1,0,1,0,4,1,2,0.261667,0.25505,0.538333,0.195904,43
"21",1,0,1,0,5,1,1,0.1775,0.157833,0.457083,0.353242,39
"22",1,0,1,0,6,0,1,0.0591304,0.0790696,0.4,0.17197,31
"23",1,0,1,0,0,0,1,0.0965217,0.0988391,0.436522,0.2466,31
"24",1,0,1,0,1,1,1,0.0973913,0.11793,0.491739,0.15833,37
"25",1,0,1,0,5,1,2,0.203478,0.223317,0.793043,0.1233,34
"26",1,0,1,0,6,0,1,0.196522,0.212126,0.651739,0.145365,33
"27",1,0,1,0,0,0,1,0.216522,0.250322,0.722174,0.0739826,33
"28",1,0,1,0,1,1,2,0.180833,0.18625,0.60375,0.187192,38
"29",1,0,2,0,2,1,2,0.192174,0.23453,0.829565,0.053213,36
"30",1,0,2,0,3,1,2,0.26,0.254417,0.775417,0.264308,39
"31",1,0,2,0,4,1,1,0.186957,0.177878,0.437826,0.277752,39
"32",1,0,2,0,5,1,2,0.211304,0.228587,0.585217,0.127839,41
"33",1,0,2,0,6,0,2,0.233333,0.243058,0.929167,0.161079,31
"34",1,0,2,0,0,0,1,0.285833,0.291671,0.568333,0.1418,40
"35",1,0,2,0,1,1,1,0.271667,0.303658,0.738333,0.0454083,41
"36",1,0,2,0,2,1,1,0.220833,0.198246,0.537917,0.36195,39
"37",1,0,2,0,3,1,2,0.134783,0.144283,0.494783,0.188839,40
"38",1,0,2,0,4,1,1,0.144348,0.149548,0.437391,0.221935,39
"39",1,0,2,0,5,1,1,0.189091,0.213509,0.506364,0.10855,41
"40",1,0,2,0,6,0,1,0.2225,0.232954,0.544167,0.203367,38
"41",1,0,2,0,0,0,1,0.316522,0.324113,0.457391,0.260883,39
"42",1,0,2,0,1,1,1,0.415,0.39835,0.375833,0.417908,43
"43",1,0,2,0,2,1,1,0.266087,0.254274,0.314348,0.291374,42
"44",1,0,2,0,3,1,1,0.318261,0.3162,0.423478,0.251791,45
"45",1,0,2,0,4,1,1,0.435833,0.428658,0.505,0.230104,49
"46",1,0,2,0,5,1,1,0.521667,0.511983,0.516667,0.264925,54
"47",1,0,2,0,6,0,1,0.399167,0.391404,0.187917,0.507463,40
"48",1,0,2,0,0,0,1,0.285217,0.27733,0.407826,0.223235,42
"49",1,0,2,1,1,0,2,0.303333,0.284075,0.605,0.307846,33
"50",1,0,2,0,2,1,1,0.182222,0.186033,0.577778,0.195683,38
"51",1,0,2,0,3,1,1,0.221739,0.245717,0.423043,0.094113,43
"52",1,0,2,0,4,1,2,0.295652,0.289191,0.697391,0.250496,42
"53",1,0,2,0,5,1,2,0.364348,0.350461,0.712174,0.346539,38
"54",1,0,2,0,6,0,1,0.2825,0.282192,0.537917,0.186571,44
"55",1,0,2,0,0,0,1,0.343478,0.351109,0.68,0.125248,49
"56",1,0,2,0,1,1,2,0.407273,0.400118,0.876364,0.289686,38
"57",1,0,3,0,2,1,1,0.266667,0.263879,0.535,0.216425,43
"58",1,0,3,0,3,1,1,0.335,0.320071,0.449583,0.307833,46
"59",1,0,3,0,4,1,1,0.198333,0.200133,0.318333,0.225754,41
"60",1,0,3,0,5,1,2,0.261667,0.255679,0.610417,0.203346,44
"61",1,0,3,0,6,0,2,0.384167,0.378779,0.789167,0.251871,45
"62",1,0,3,0,0,0,2,0.376522,0.366252,0.948261,0.343287,24
"63",1,0,3,0,1,1,1,0.261739,0.238461,0.551304,0.341352,43
"64",1,0,3,0,2,1,1,0.2925,0.3024,0.420833,0.12065,46
"65",1,0,3,0,3,1,2,0.295833,0.286608,0.775417,0.22015,43
"66",1,0,3,0,4,1,3,0.389091,0.385668,0,0.261877,24
"67",1,0,3,0,5,1,2,0.316522,0.305,0.649565,0.23297,44
"68",1,0,3,0,6,0,1,0.329167,0.32575,0.594583,0.220775,46
"69",1,0,3,0,0,0,1,0.384348,0.380091,0.527391,0.270604,49
"70",1,0,3,0,1,1,1,0.325217,0.332,0.496957,0.136926,45
"71",1,0,3,0,2,1,2,0.317391,0.318178,0.655652,0.184309,45
"72",1,0,3,0,3,1,2,0.365217,0.36693,0.776522,0.203117,46
"73",1,0,3,0,4,1,1,0.415,0.410333,0.602917,0.209579,52
"74",1,0,3,0,5,1,1,0.54,0.527009,0.525217,0.231017,56
"75",1,0,3,0,6,0,1,0.4725,0.466525,0.379167,0.368167,55
"76",1,0,3,0,0,0,1,0.3325,0.32575,0.47375,0.207721,49
"77",2,0,3,0,1,1,2,0.430435,0.409735,0.737391,0.288783,45
"78",2,0,3,0,2,1,1,0.441667,0.440642,0.624583,0.22575,51
"79",2,0,3,0,3,1,2,0.346957,0.337939,0.839565,0.234261,46
"80",2,0,3,0,4,1,2,0.285,0.270833,0.805833,0.243787,43
"81",2,0,3,0,5,1,1,0.264167,0.256312,0.495,0.230725,47
"82",2,0,3,0,6,0,1,0.265833,0.257571,0.394167,0.209571,49
"83",2,0,3,0,0,0,2,0.253043,0.250339,0.493913,0.1843,41
"84",2,0,3,0,1,1,1,0.264348,0.257574,0.302174,0.212204,45
"85",2,0,3,0,2,1,1,0.3025,0.292908,0.314167,0.226996,49
"86",2,0,3,0,3,1,2,0.3,0.29735,0.646667,0.172888,39
"87",2,0,3,0,4,1,3,0.268333,0.257575,0.918333,0.217646,41
"88",2,0,4,0,5,1,2,0.3,0.283454,0.68625,0.258708,47
"89",2,0,4,0,6,0,2,0.315,0.315637,0.65375,0.197146,47
"90",2,0,4,0,0,0,1,0.378333,0.378767,0.48,0.182213,57
"91",2,0,4,0,1,1,1,0.573333,0.542929,0.42625,0.385571,55
"92",2,0,4,0,2,1,2,0.414167,0.39835,0.642083,0.388067,42
"93",2,0,4,0,3,1,1,0.390833,0.387608,0.470833,0.263063,52
"94",2,0,4,0,4,1,1,0.4375,0.433696,0.602917,0.162312,56
"95",2,0,4,0,5,1,2,0.335833,0.324479,0.83625,0.226992,38
"96",2,0,4,0,6,0,2,0.3425,0.341529,0.8775,0.133083,49
"97",2,0,4,0,0,0,2,0.426667,0.426737,0.8575,0.146767,53
"98",2,0,4,0,1,1,2,0.595652,0.565217,0.716956,0.324474,57
"99",2,0,4,0,2,1,2,0.5025,0.493054,0.739167,0.274879,45
"100",2,0,4,0,3,1,2,0.4125,0.417283,0.819167,0.250617,46
"101",2,0,4,0,4,1,1,0.4675,0.462742,0.540417,0.1107,57
"102",2,0,4,1,5,0,1,0.446667,0.441913,0.67125,0.226375,55
"103",2,0,4,0,6,0,3,0.430833,0.425492,0.888333,0.340808,28
"104",2,0,4,0,0,0,1,0.456667,0.445696,0.479583,0.303496,61
"105",2,0,4,0,1,1,1,0.5125,0.503146,0.5425,0.163567,58
"106",2,0,4,0,2,1,2,0.505833,0.489258,0.665833,0.157971,56
"107",2,0,4,0,3,1,1,0.595,0.564392,0.614167,0.241925,62
"108",2,0,4,0,4,1,1,0.459167,0.453892,0.407083,0.325258,64
"109",2,0,4,0,5,1,2,0.336667,0.321954,0.729583,0.219521,41
"110",2,0,4,0,6,0,2,0.46,0.450121,0.887917,0.230725,63
"111",2,0,4,0,0,0,2,0.581667,0.551763,0.810833,0.192175,64
"112",2,0,4,0,1,1,1,0.606667,0.5745,0.776667,0.185333,63
"113",2,0,4,0,2,1,1,0.631667,0.594083,0.729167,0.3265,66
"114",2,0,4,0,3,1,2,0.62,0.575142,0.835417,0.3122,62
"115",2,0,4,0,4,1,2,0.6175,0.578929,0.700833,0.320908,63
"116",2,0,4,0,5,1,1,0.51,0.497463,0.457083,0.240063,67
"117",2,0,4,0,6,0,1,0.4725,0.464021,0.503333,0.235075,72
"118",2,0,5,0,0,0,2,0.451667,0.448204,0.762083,0.106354,57
"119",2,0,5,0,1,1,2,0.549167,0.532833,0.73,0.183454,66
"120",2,0,5,0,2,1,2,0.616667,0.582079,0.697083,0.342667,66
"121",2,0,5,0,3,1,2,0.414167,0.40465,0.737083,0.328996,51
"122",2,0,5,0,4,1,1,0.459167,0.441917,0.444167,0.295392,66
"123",2,0,5,0,5,1,1,0.479167,0.474117,0.59,0.228246,67
"124",2,0,5,0,6,0,1,0.52,0.512621,0.54125,0.16045,68
"125",2,0,5,0,0,0,1,0.528333,0.518933,0.631667,0.0746375,65
"126",2,0,5,0,1,1,1,0.5325,0.525246,0.58875,0.176,66
"127",2,0,5,0,2,1,1,0.5325,0.522721,0.489167,0.115671,69
"128",2,0,5,0,3,1,1,0.5425,0.5284,0.632917,0.120642,64
"129",2,0,5,0,4,1,1,0.535,0.523363,0.7475,0.189667,69
"130",2,0,5,0,5,1,2,0.5125,0.4943,0.863333,0.179725,64
"131",2,0,5,0,6,0,2,0.520833,0.500629,0.9225,0.13495,58
"132",2,0,5,0,0,0,2,0.5625,0.536,0.867083,0.152979,67
"133",2,0,5,0,1,1,1,0.5775,0.550512,0.787917,0.126871,62
"134",2,0,5,0,2,1,2,0.561667,0.538529,0.837917,0.277354,64
"135",2,0,5,0,3,1,2,0.55,0.527158,0.87,0.201492,62
"136",2,0,5,0,4,1,2,0.530833,0.510742,0.829583,0.108213,67
"137",2,0,5,0,5,1,1,0.536667,0.529042,0.719583,0.125013,70
"138",2,0,5,0,6,0,1,0.6025,0.571975,0.626667,0.12065,76
"139",2,0,5,0,0,0,1,0.604167,0.5745,0.749583,0.148008,68
"140",2,0,5,0,1,1,2,0.631667,0.590296,0.81,0.233842,65
"141",2,0,5,0,2,1,2,0.66,0.604813,0.740833,0.207092,67
"142",2,0,5,0,3,1,1,0.660833,0.615542,0.69625,0.154233,70
"143",2,0,5,0,4,1,1,0.708333,0.654688,0.6775,0.199642,68
"144",2,0,5,0,5,1,1,0.681667,0.637008,0.65375,0.240679,68
"145",2,0,5,0,6,0,1,0.655833,0.612379,0.729583,0.230092,68
"146",2,0,5,0,0,0,1,0.6675,0.61555,0.81875,0.213938,69
"147",2,0,5,1,1,0,1,0.733333,0.671092,0.685,0.131225,64
"148",2,0,5,0,2,1,1,0.775,0.725383,0.636667,0.111329,63
"149",2,0,6,0,3,1,2,0.764167,0.720967,0.677083,0.207092,63
"150",2,0,6,0,4,1,1,0.715,0.643942,0.305,0.292287,70
"151",2,0,6,0,5,1,1,0.62,0.587133,0.354167,0.253121,72
"152",2,0,6,0,6,0,1,0.635,0.594696,0.45625,0.123142,73
"153",2,0,6,0,0,0,2,0.648333,0.616804,0.6525,0.138692,70
"154",2,0,6,0,1,1,1,0.678333,0.621858,0.6,0.121896,67
"155",2,0,6,0,2,1,1,0.7075,0.65595,0.597917,0.187808,69
"156",2,0,6,0,3,1,1,0.775833,0.727279,0.622083,0.136817,66
"157",2,0,6,0,5,1,1,0.755,0.703292,0.605,0.140554,67
"158",2,0,6,0,6,0,1,0.725,0.678038,0.654583,0.15485,70
"159",2,0,6,0,0,0,1,0.6925,0.643325,0.747917,0.163567,66
"160",2,0,6,0,1,1,1,0.635,0.601654,0.494583,0.30535,70
"161",2,0,6,0,2,1,1,0.604167,0.591546,0.507083,0.269283,69
"162",2,0,6,0,3,1,1,0.626667,0.587754,0.471667,0.167912,71
"163",2,0,6,0,4,1,2,0.628333,0.595346,0.688333,0.206471,61
"164",2,0,6,0,5,1,1,0.649167,0.600383,0.735833,0.143029,69
"165",2,0,6,0,6,0,1,0.696667,0.643954,0.670417,0.119408,71
"166",2,0,6,0,0,0,2,0.699167,0.645846,0.666667,0.102,68
"167",2,0,6,0,1,1,2,0.635,0.595346,0.74625,0.155475,63
"168",3,0,6,0,2,1,2,0.680833,0.637646,0.770417,0.171025,69
"169",3,0,6,0,3,1,1,0.733333,0.693829,0.7075,0.172262,67
"170",3,0,6,0,4,1,2,0.728333,0.693833,0.703333,0.238804,69
"171",3,0,6,0,5,1,1,0.724167,0.656583,0.573333,0.222025,70
"172",3,0,6,0,6,0,1,0.695,0.643313,0.483333,0.209571,72
"173",3,0,6,0,0,0,1,0.68,0.637629,0.513333,0.0945333,72
"174",3,0,6,0,1,1,2,0.6825,0.637004,0.658333,0.107588,68
"175",3,0,6,0,2,1,1,0.744167,0.692558,0.634167,0.144283,68
"176",3,0,6,0,3,1,1,0.728333,0.654688,0.497917,0.261821,72
"177",3,0,6,0,4,1,1,0.696667,0.637008,0.434167,0.185312,74
"178",3,0,7,0,5,1,1,0.7225,0.652162,0.39625,0.102608,73
"179",3,0,7,0,6,0,1,0.738333,0.667308,0.444583,0.115062,71
"180",3,0,7,0,0,0,2,0.716667,0.668575,0.6825,0.228858,68
"181",3,0,7,1,1,0,2,0.726667,0.665417,0.637917,0.0814792,77
"182",3,0,7,0,2,1,1,0.746667,0.696338,0.590417,0.126258,68
"183",3,0,7,0,3,1,1,0.72,0.685633,0.743333,0.149883,68
"184",3,0,7,0,4,1,1,0.75,0.686871,0.65125,0.1592,67
"185",3,0,7,0,5,1,2,0.709167,0.670483,0.757917,0.225129,63
"186",3,0,7,0,6,0,1,0.733333,0.664158,0.609167,0.167912,73
"187",3,0,7,0,0,0,1,0.7475,0.690025,0.578333,0.183471,69
"188",3,0,7,0,1,1,1,0.7625,0.729804,0.635833,0.282337,63
"189",3,0,7,0,2,1,1,0.794167,0.739275,0.559167,0.200254,65
"190",3,0,7,0,3,1,1,0.746667,0.689404,0.631667,0.146133,65
"191",3,0,7,0,4,1,1,0.680833,0.635104,0.47625,0.240667,71
"192",3,0,7,0,5,1,1,0.663333,0.624371,0.59125,0.182833,74
"193",3,0,7,0,6,0,1,0.686667,0.638263,0.585,0.208342,76
"194",3,0,7,0,0,0,1,0.719167,0.669833,0.604167,0.245033,72
"195",3,0,7,0,1,1,1,0.746667,0.703925,0.65125,0.215804,66
"196",3,0,7,0,2,1,1,0.776667,0.747479,0.650417,0.1306,67
"197",3,0,7,0,3,1,1,0.768333,0.74685,0.707083,0.113817,65
"198",3,0,7,0,1,1,1,0.743333,0.720958,0.757083,0.0908083,61
"199",3,0,7,0,2,1,1,0.771667,0.696979,0.540833,0.200258,67
"200",3,0,7,0,3,1,1,0.775,0.690667,0.402917,0.183463,68
"201",3,0,7,0,4,1,1,0.779167,0.7399,0.583333,0.178479,66
"202",3,0,8,0,1,1,1,0.771667,0.703292,0.550833,0.156717,65
"203",3,0,8,0,2,1,1,0.783333,0.707071,0.49125,0.20585,69
"204",3,0,8,0,3,1,2,0.731667,0.679937,0.6575,0.135583,59
"205",3,0,8,0,4,1,2,0.71,0.664788,0.7575,0.19715,67
"206",3,0,8,0,5,1,1,0.710833,0.656567,0.630833,0.184696,69
"207",3,0,8,0,6,0,2,0.716667,0.676154,0.755,0.22825,65
"208",3,0,8,0,0,0,1,0.7425,0.715292,0.752917,0.201487,61
"209",3,0,8,0,1,1,1,0.765,0.703283,0.592083,0.192175,65
"210",3,0,8,0,2,1,1,0.775,0.724121,0.570417,0.151121,67
"211",3,0,8,0,3,1,1,0.766667,0.684983,0.424167,0.200258,69
"212",3,0,8,0,4,1,1,0.7175,0.651521,0.42375,0.164796,69
"213",3,0,8,0,5,1,1,0.708333,0.654042,0.415,0.125621,70
"214",3,0,8,0,6,0,2,0.685833,0.645858,0.729583,0.211454,64
"215",3,0,8,0,0,0,2,0.676667,0.624388,0.8175,0.222633,61
"216",3,0,8,0,1,1,1,0.665833,0.616167,0.712083,0.208954,65
"217",3,0,8,0,2,1,1,0.700833,0.645837,0.578333,0.236329,68
"218",3,0,8,0,3,1,1,0.723333,0.666671,0.575417,0.143667,68
"219",3,0,8,0,4,1,1,0.711667,0.662258,0.654583,0.233208,61
"220",3,0,8,0,5,1,2,0.685,0.633221,0.722917,0.139308,64
"221",3,0,8,0,6,0,1,0.6975,0.648996,0.674167,0.104467,72
"222",3,0,8,0,0,0,1,0.710833,0.675525,0.77,0.248754,62
"223",3,0,8,0,1,1,1,0.691667,0.638254,0.47,0.27675,68
"224",3,0,8,0,2,1,1,0.640833,0.606067,0.455417,0.146763,76
"225",3,0,8,0,3,1,1,0.673333,0.630692,0.605,0.253108,71
"226",3,0,8,0,4,1,2,0.684167,0.645854,0.771667,0.210833,59
"227",3,0,8,0,0,0,1,0.707059,0.647959,0.561765,0.304659,65
"228",3,0,8,0,1,1,1,0.636667,0.607958,0.554583,0.159825,68
"229",3,0,8,0,2,1,1,0.639167,0.594704,0.548333,0.125008,72
"230",3,0,8,0,3,1,1,0.656667,0.611121,0.597917,0.0833333,71
"231",3,0,9,0,4,1,1,0.655,0.614921,0.639167,0.141796,71
"232",3,0,9,0,5,1,2,0.643333,0.604808,0.727083,0.139929,68
"233",3,0,9,0,6,0,1,0.669167,0.633213,0.716667,0.185325,66
"234",3,0,9,0,0,0,1,0.709167,0.665429,0.742083,0.206467,70
"235",3,0,9,1,1,0,2,0.673333,0.625646,0.790417,0.212696,57
"236",3,0,9,0,2,1,3,0.54,0.5152,0.886957,0.343943,52
"237",3,0,9,0,3,1,3,0.599167,0.544229,0.917083,0.0970208,44
"238",3,0,9,0,4,1,3,0.633913,0.555361,0.939565,0.192748,42
"239",3,0,9,0,5,1,2,0.65,0.578946,0.897917,0.124379,59
"240",3,0,9,0,6,0,1,0.66,0.607962,0.75375,0.153608,73
"241",3,0,9,0,0,0,1,0.653333,0.609229,0.71375,0.115054,71
"242",3,0,9,0,1,1,1,0.644348,0.60213,0.692174,0.088913,68
"243",3,0,9,0,2,1,1,0.650833,0.603554,0.7125,0.141804,69
"244",3,0,9,0,3,1,1,0.673333,0.6269,0.697083,0.1673,69
"245",3,0,9,0,4,1,2,0.5775,0.553671,0.709167,0.271146,60
"246",3,0,9,0,5,1,2,0.469167,0.461475,0.590417,0.164183,68
"247",3,0,9,0,6,0,2,0.491667,0.478512,0.718333,0.189675,67
"248",3,0,9,0,0,0,1,0.5075,0.490537,0.695,0.178483,65
"249",3,0,9,0,1,1,2,0.549167,0.529675,0.69,0.151742,67
"250",3,0,9,0,2,1,2,0.561667,0.532217,0.88125,0.134954,60
"251",3,0,9,0,3,1,2,0.595,0.550533,0.9,0.0964042,65
"252",3,0,9,0,4,1,2,0.628333,0.554963,0.902083,0.128125,69
"253",4,0,9,0,5,1,2,0.609167,0.522125,0.9725,0.0783667,48
"254",4,0,9,0,6,0,2,0.606667,0.564412,0.8625,0.0783833,73
"255",4,0,9,0,0,0,2,0.634167,0.572637,0.845,0.0503792,70
"256",4,0,9,0,1,1,2,0.649167,0.589042,0.848333,0.1107,68
"257",4,0,9,0,2,1,2,0.636667,0.574525,0.885417,0.118171,64
"258",4,0,9,0,3,1,2,0.635,0.575158,0.84875,0.148629,62
"259",4,0,9,0,4,1,1,0.616667,0.574512,0.699167,0.172883,69
"260",4,0,9,0,5,1,1,0.564167,0.544829,0.6475,0.206475,72
"261",4,0,10,0,6,0,2,0.41,0.412863,0.75375,0.292296,49
"262",4,0,10,0,0,0,2,0.356667,0.345317,0.791667,0.222013,54
"263",4,0,10,0,1,1,2,0.384167,0.392046,0.760833,0.0833458,59
"264",4,0,10,0,2,1,1,0.484167,0.472858,0.71,0.205854,66
"265",4,0,10,0,3,1,1,0.538333,0.527138,0.647917,0.17725,69
"266",4,0,10,0,4,1,1,0.494167,0.480425,0.620833,0.134954,69
"267",4,0,10,0,5,1,1,0.510833,0.504404,0.684167,0.0223917,70
"268",4,0,10,0,6,0,1,0.521667,0.513242,0.70125,0.0454042,73
"269",4,0,10,0,0,0,1,0.540833,0.523983,0.7275,0.06345,74
"270",4,0,10,1,1,0,1,0.570833,0.542925,0.73375,0.0423042,71
"271",4,0,10,0,2,1,2,0.566667,0.546096,0.80875,0.143042,67
"272",4,0,10,0,3,1,3,0.543333,0.517717,0.90625,0.24815,49
"273",4,0,10,0,4,1,2,0.589167,0.551804,0.896667,0.141787,53
"274",4,0,10,0,5,1,2,0.550833,0.529675,0.71625,0.223883,60
"275",4,0,10,0,6,0,1,0.506667,0.498725,0.483333,0.258083,72
"276",4,0,10,0,0,0,1,0.511667,0.503154,0.486667,0.281717,71
"277",4,0,10,0,1,1,1,0.534167,0.510725,0.579583,0.175379,67
"278",4,0,10,0,2,1,2,0.5325,0.522721,0.701667,0.110087,68
"279",4,0,10,0,3,1,3,0.541739,0.513848,0.895217,0.243339,49
"280",4,0,10,0,4,1,1,0.475833,0.466525,0.63625,0.422275,64
"281",4,0,10,0,5,1,1,0.4275,0.423596,0.574167,0.221396,65
"282",4,0,10,0,6,0,1,0.4225,0.425492,0.629167,0.0926667,65
"283",4,0,10,0,0,0,1,0.421667,0.422333,0.74125,0.0995125,66
"284",4,0,10,0,1,1,1,0.463333,0.457067,0.772083,0.118792,64
"285",4,0,10,0,2,1,1,0.471667,0.463375,0.622917,0.166658,68
"286",4,0,10,0,3,1,2,0.484167,0.472846,0.720417,0.148642,62
"287",4,0,10,0,4,1,2,0.47,0.457046,0.812917,0.197763,51
"288",4,0,10,0,5,1,2,0.330833,0.318812,0.585833,0.229479,61
"289",4,0,10,0,0,0,1,0.319167,0.321329,0.62375,0.176617,57
"290",4,0,10,0,1,1,1,0.34,0.356063,0.703333,0.10635,60
"291",4,0,11,0,2,1,1,0.400833,0.397088,0.68375,0.135571,63
"292",4,0,11,0,3,1,1,0.3775,0.390133,0.71875,0.0820917,64
"293",4,0,11,0,4,1,1,0.408333,0.405921,0.702083,0.136817,63
"294",4,0,11,0,5,1,2,0.403333,0.403392,0.6225,0.271779,63
"295",4,0,11,0,6,0,1,0.326667,0.323854,0.519167,0.189062,62
"296",4,0,11,0,0,0,1,0.348333,0.362358,0.734583,0.0920542,60
"297",4,0,11,0,1,1,1,0.395,0.400871,0.75875,0.057225,63
"298",4,0,11,0,2,1,1,0.408333,0.412246,0.721667,0.0690375,64
"299",4,0,11,0,3,1,1,0.4,0.409079,0.758333,0.0621958,64
"300",4,0,11,0,4,1,2,0.38,0.373721,0.813333,0.189067,54
"301",4,0,11,1,5,0,1,0.324167,0.306817,0.44625,0.314675,58
"302",4,0,11,0,6,0,1,0.356667,0.357942,0.552917,0.212062,63
"303",4,0,11,0,0,0,1,0.440833,0.43055,0.458333,0.281721,60
"304",4,0,11,0,1,1,1,0.53,0.524612,0.587083,0.306596,66
"305",4,0,11,0,2,1,2,0.53,0.507579,0.68875,0.199633,64
"306",4,0,11,0,3,1,3,0.456667,0.451988,0.93,0.136829,42
"307",4,0,11,0,4,1,2,0.341667,0.323221,0.575833,0.305362,55
"308",4,0,11,0,5,1,1,0.274167,0.272721,0.41,0.168533,58
"309",4,0,11,0,6,0,1,0.329167,0.324483,0.502083,0.224496,60
"310",4,0,11,0,0,0,2,0.463333,0.457058,0.684583,0.18595,59
"311",4,0,11,0,1,1,3,0.4475,0.445062,0.91,0.138054,52
"312",4,0,11,0,2,1,3,0.416667,0.421696,0.9625,0.118792,40
"313",4,0,11,0,3,1,2,0.440833,0.430537,0.757917,0.335825,50
"314",4,0,11,0,1,1,1,0.503478,0.490122,0.743043,0.142122,62
"315",4,0,11,0,2,1,2,0.458333,0.451375,0.830833,0.258092,53
"316",4,0,11,0,3,1,1,0.325,0.311221,0.613333,0.271158,60
"317",4,0,12,0,4,1,1,0.3125,0.305554,0.524583,0.220158,61
"318",4,0,12,0,5,1,1,0.314167,0.331433,0.625833,0.100754,62
"319",4,0,12,0,6,0,1,0.299167,0.310604,0.612917,0.0957833,60
"320",4,0,12,0,0,0,1,0.330833,0.3491,0.775833,0.0839583,59
"321",4,0,12,0,1,1,2,0.385833,0.393925,0.827083,0.0622083,61
"322",4,0,12,0,2,1,3,0.4625,0.4564,0.949583,0.232583,50
"323",4,0,12,0,4,1,1,0.265833,0.256938,0.58,0.240058,57
"324",4,0,12,0,5,1,1,0.290833,0.317542,0.695833,0.0827167,60
"325",4,0,12,0,6,0,1,0.275,0.266412,0.5075,0.233221,56
"326",4,0,12,0,0,0,1,0.220833,0.253154,0.49,0.0665417,52
"327",4,0,12,0,1,1,1,0.238333,0.270196,0.670833,0.06345,57
"328",4,0,12,0,2,1,1,0.2825,0.301138,0.59,0.14055,59
"329",4,0,12,0,3,1,2,0.3175,0.338362,0.66375,0.0609583,61
"330",4,0,12,0,4,1,2,0.4225,0.412237,0.634167,0.268042,60
"331",4,0,12,0,5,1,2,0.375,0.359825,0.500417,0.260575,59
"332",4,0,12,0,6,0,2,0.258333,0.249371,0.560833,0.243167,52
"333",4,0,12,0,0,0,1,0.238333,0.245579,0.58625,0.169779,49
"334",4,0,12,0,1,1,1,0.276667,0.280933,0.6375,0.172896,58
"335",4,0,12,0,2,1,2,0.385833,0.396454,0.595417,0.0615708,61
"336",1,0,12,0,3,1,2,0.428333,0.428017,0.858333,0.2214,51
"337",1,0,12,0,4,1,2,0.423333,0.426121,0.7575,0.047275,55
"338",1,0,12,0,5,1,1,0.373333,0.377513,0.68625,0.274246,47
"339",1,0,12,0,2,1,2,0.325,0.327633,0.7625,0.18845,34
"340",1,0,12,0,3,1,1,0.29913,0.279974,0.503913,0.293961,47
"341",1,0,12,0,4,1,1,0.248333,0.263892,0.574167,0.119412,49
"342",1,0,12,0,5,1,1,0.311667,0.318812,0.636667,0.134337,54
"343",1,0,12,0,6,0,1,0.41,0.414121,0.615833,0.220154,49
"344",1,1,1,0,0,0,1,0.37,0.375621,0.6925,0.192167,47
"345",1,1,1,1,1,0,1,0.273043,0.252304,0.381304,0.329665,44
"346",1,1,1,0,2,1,1,0.15,0.126275,0.44125,0.365671,47
"347",1,1,1,0,3,1,2,0.1075,0.119337,0.414583,0.1847,48
"348",1,1,1,0,4,1,1,0.265833,0.278412,0.524167,0.129987,57
"349",1,1,1,0,5,1,1,0.334167,0.340267,0.542083,0.167908,64
"350",1,1,1,0,6,0,1,0.393333,0.390779,0.531667,0.174758,67
"351",1,1,1,0,0,0,1,0.3375,0.340258,0.465,0.191542,58
"352",1,1,1,0,1,1,2,0.224167,0.247479,0.701667,0.0989,48
"353",1,1,1,0,2,1,1,0.308696,0.318826,0.646522,0.187552,59
"354",1,1,1,0,3,1,2,0.274167,0.282821,0.8475,0.131221,46
"355",1,1,1,0,4,1,2,0.3825,0.381938,0.802917,0.180967,64
"356",1,1,1,0,5,1,1,0.274167,0.249362,0.5075,0.378108,56
"357",1,1,1,0,6,0,1,0.18,0.183087,0.4575,0.187183,49
"358",1,1,1,0,0,0,1,0.166667,0.161625,0.419167,0.251258,48
"359",1,1,1,1,1,0,1,0.19,0.190663,0.5225,0.231358,47
"360",1,1,1,0,2,1,2,0.373043,0.364278,0.716087,0.34913,54
"361",1,1,1,0,3,1,1,0.303333,0.275254,0.443333,0.415429,58
"362",1,1,1,0,4,1,1,0.19,0.190038,0.4975,0.220158,57
"363",1,1,1,0,5,1,2,0.2175,0.220958,0.45,0.20275,56
"364",1,1,1,0,6,0,2,0.173333,0.174875,0.83125,0.222642,36
"365",1,1,1,0,0,0,2,0.1625,0.16225,0.79625,0.199638,44
"366",1,1,1,0,1,1,2,0.218333,0.243058,0.91125,0.110708,49
"367",1,1,1,0,2,1,1,0.3425,0.349108,0.835833,0.123767,65
"368",1,1,1,0,3,1,1,0.294167,0.294821,0.64375,0.161071,65
"369",1,1,1,0,4,1,2,0.341667,0.35605,0.769583,0.0733958,63
"370",1,1,1,0,5,1,2,0.425,0.415383,0.74125,0.342667,58
"371",1,1,1,0,6,0,1,0.315833,0.326379,0.543333,0.210829,63
"372",1,1,1,0,0,0,1,0.2825,0.272721,0.31125,0.24005,56
"373",1,1,1,0,1,1,1,0.269167,0.262625,0.400833,0.215792,60
"374",1,1,1,0,2,1,1,0.39,0.381317,0.416667,0.261817,67
"375",1,1,2,0,3,1,1,0.469167,0.466538,0.507917,0.189067,67
"376",1,1,2,0,4,1,2,0.399167,0.398971,0.672917,0.187187,61
"377",1,1,2,0,5,1,1,0.313333,0.309346,0.526667,0.178496,64
"378",1,1,2,0,6,0,2,0.264167,0.272725,0.779583,0.121896,53
"379",1,1,2,0,0,0,2,0.265833,0.264521,0.687917,0.175996,54
"380",1,1,2,0,1,1,1,0.282609,0.296426,0.622174,0.1538,61
"381",1,1,2,0,2,1,1,0.354167,0.361104,0.49625,0.147379,66
"382",1,1,2,0,3,1,2,0.256667,0.266421,0.722917,0.133721,52
"383",1,1,2,0,4,1,1,0.265,0.261988,0.562083,0.194037,61
"384",1,1,2,0,5,1,2,0.280833,0.293558,0.54,0.116929,61
"385",1,1,2,0,6,0,3,0.224167,0.210867,0.73125,0.289796,46
"386",1,1,2,0,0,0,1,0.1275,0.101658,0.464583,0.409212,39
"387",1,1,2,0,1,1,1,0.2225,0.227913,0.41125,0.167283,58
"388",1,1,2,0,2,1,2,0.319167,0.333946,0.50875,0.141179,62
"389",1,1,2,0,3,1,1,0.348333,0.351629,0.53125,0.1816,64
"390",1,1,2,0,4,1,2,0.316667,0.330162,0.752917,0.091425,54
"391",1,1,2,0,5,1,1,0.343333,0.351629,0.634583,0.205846,64
"392",1,1,2,0,6,0,1,0.346667,0.355425,0.534583,0.190929,65
"393",1,1,2,0,0,0,2,0.28,0.265788,0.515833,0.253112,51
"394",1,1,2,1,1,0,1,0.28,0.273391,0.507826,0.229083,55
"395",1,1,2,0,2,1,1,0.287826,0.295113,0.594348,0.205717,61
"396",1,1,2,0,3,1,1,0.395833,0.392667,0.567917,0.234471,69
"397",1,1,2,0,4,1,1,0.454167,0.444446,0.554583,0.190913,71
"398",1,1,2,0,5,1,2,0.4075,0.410971,0.7375,0.237567,59
"399",1,1,2,0,6,0,1,0.290833,0.255675,0.395833,0.421642,52
"400",1,1,2,0,0,0,1,0.279167,0.268308,0.41,0.205229,58
"401",1,1,2,0,1,1,1,0.366667,0.357954,0.490833,0.268033,65
"402",1,1,2,0,2,1,1,0.359167,0.353525,0.395833,0.193417,66
"403",1,1,2,0,3,1,2,0.344348,0.34847,0.804783,0.179117,42
"404",1,1,3,0,4,1,1,0.485833,0.475371,0.615417,0.226987,70
"405",1,1,3,0,5,1,2,0.353333,0.359842,0.657083,0.144904,56
"406",1,1,3,0,6,0,2,0.414167,0.413492,0.62125,0.161079,63
"407",1,1,3,0,0,0,1,0.325833,0.303021,0.403333,0.334571,58
"408",1,1,3,0,1,1,1,0.243333,0.241171,0.50625,0.228858,57
"409",1,1,3,0,2,1,1,0.258333,0.255042,0.456667,0.200875,62
"410",1,1,3,0,3,1,1,0.404167,0.3851,0.513333,0.345779,70
"411",1,1,3,0,4,1,1,0.5275,0.524604,0.5675,0.441563,73
"412",1,1,3,0,5,1,2,0.410833,0.397083,0.407083,0.4148,67
"413",1,1,3,0,6,0,1,0.2875,0.277767,0.350417,0.22575,64
"414",1,1,3,0,0,0,1,0.361739,0.35967,0.476957,0.222587,70
"415",1,1,3,0,1,1,1,0.466667,0.459592,0.489167,0.207713,72
"416",1,1,3,0,2,1,1,0.565,0.542929,0.6175,0.23695,76
"417",1,1,3,0,3,1,1,0.5725,0.548617,0.507083,0.115062,79
"418",1,1,3,0,4,1,1,0.5575,0.532825,0.579583,0.149883,78
"419",1,1,3,0,5,1,2,0.435833,0.436229,0.842083,0.113192,66
"420",1,1,3,0,6,0,2,0.514167,0.505046,0.755833,0.110704,88
"421",1,1,3,0,0,0,2,0.4725,0.464,0.81,0.126883,76
"422",1,1,3,0,1,1,1,0.545,0.532821,0.72875,0.162317,78
"423",1,1,3,0,2,1,1,0.560833,0.538533,0.807917,0.121271,78
"424",2,1,3,0,3,1,2,0.531667,0.513258,0.82125,0.0895583,78
"425",2,1,3,0,4,1,1,0.554167,0.531567,0.83125,0.117562,82
"426",2,1,3,0,5,1,2,0.601667,0.570067,0.694167,0.1163,91
"427",2,1,3,0,6,0,2,0.5025,0.486733,0.885417,0.192783,58
"428",2,1,3,0,0,0,2,0.4375,0.437488,0.880833,0.220775,70
"429",2,1,3,0,1,1,1,0.445833,0.43875,0.477917,0.386821,74
"430",2,1,3,0,2,1,1,0.323333,0.315654,0.29,0.187192,71
"431",2,1,3,0,3,1,1,0.484167,0.47095,0.48125,0.291671,75
"432",2,1,3,0,4,1,1,0.494167,0.482304,0.439167,0.31965,78
"433",2,1,3,0,5,1,2,0.37,0.375621,0.580833,0.138067,73
"434",2,1,3,0,6,0,2,0.424167,0.421708,0.738333,0.250617,78
"435",2,1,4,0,0,0,2,0.425833,0.417287,0.67625,0.172267,77
"436",2,1,4,0,1,1,1,0.433913,0.427513,0.504348,0.312139,77
"437",2,1,4,0,2,1,1,0.466667,0.461483,0.396667,0.100133,82
"438",2,1,4,0,3,1,1,0.541667,0.53345,0.469583,0.180975,80
"439",2,1,4,0,4,1,1,0.435,0.431163,0.374167,0.219529,80
"440",2,1,4,0,5,1,1,0.403333,0.390767,0.377083,0.300388,80
"441",2,1,4,0,6,0,1,0.4375,0.426129,0.254167,0.274871,82
"442",2,1,4,0,0,0,1,0.5,0.492425,0.275833,0.232596,71
"443",2,1,4,0,1,1,1,0.489167,0.476638,0.3175,0.358196,74
"444",2,1,4,0,2,1,1,0.446667,0.436233,0.435,0.249375,76
"445",2,1,4,0,3,1,1,0.348696,0.337274,0.469565,0.295274,69
"446",2,1,4,0,4,1,1,0.3975,0.387604,0.46625,0.290429,73
"447",2,1,4,0,5,1,1,0.4425,0.431808,0.408333,0.155471,79
"448",2,1,4,0,6,0,1,0.495,0.487996,0.502917,0.190917,86
"449",2,1,4,0,0,0,1,0.606667,0.573875,0.507917,0.225129,84
"450",2,1,4,1,1,0,1,0.664167,0.614925,0.561667,0.284829,79
"451",2,1,4,0,2,1,1,0.608333,0.598487,0.390417,0.273629,81
"452",2,1,4,0,3,1,2,0.463333,0.457038,0.569167,0.167912,66
"453",2,1,4,0,4,1,1,0.498333,0.493046,0.6125,0.0659292,81
"454",2,1,4,0,5,1,1,0.526667,0.515775,0.694583,0.149871,85
"455",2,1,4,0,6,0,1,0.57,0.542921,0.682917,0.283587,81
"456",2,1,4,0,0,0,3,0.396667,0.389504,0.835417,0.344546,32
"457",2,1,4,0,1,1,2,0.321667,0.301125,0.766667,0.303496,56
"458",2,1,4,0,2,1,1,0.413333,0.405283,0.454167,0.249383,75
"459",2,1,4,0,3,1,1,0.476667,0.470317,0.427917,0.118792,78
"460",2,1,4,0,4,1,2,0.498333,0.483583,0.756667,0.176625,70
"461",2,1,4,0,5,1,1,0.4575,0.452637,0.400833,0.347633,78
"462",2,1,4,0,6,0,2,0.376667,0.377504,0.489583,0.129975,64
"463",2,1,4,0,0,0,1,0.458333,0.450121,0.587083,0.116908,79
"464",2,1,4,0,1,1,2,0.464167,0.457696,0.57,0.171638,74
"465",2,1,5,0,2,1,2,0.613333,0.577021,0.659583,0.156096,75
"466",2,1,5,0,3,1,1,0.564167,0.537896,0.797083,0.138058,78
"467",2,1,5,0,4,1,2,0.56,0.537242,0.768333,0.133696,80
"468",2,1,5,0,5,1,1,0.6275,0.590917,0.735417,0.162938,79
"469",2,1,5,0,6,0,2,0.621667,0.584608,0.756667,0.152992,82
"470",2,1,5,0,0,0,2,0.5625,0.546737,0.74,0.149879,79
"471",2,1,5,0,1,1,2,0.5375,0.527142,0.664167,0.230721,79
"472",2,1,5,0,2,1,2,0.581667,0.557471,0.685833,0.296029,75
"473",2,1,5,0,3,1,2,0.575,0.553025,0.744167,0.216412,68
"474",2,1,5,0,4,1,1,0.505833,0.491783,0.552083,0.314063,81
"475",2,1,5,0,5,1,1,0.533333,0.520833,0.360417,0.236937,83
"476",2,1,5,0,6,0,1,0.564167,0.544817,0.480417,0.123133,86
"477",2,1,5,0,0,0,1,0.6125,0.585238,0.57625,0.225117,78
"478",2,1,5,0,1,1,2,0.573333,0.5499,0.789583,0.212692,53
"479",2,1,5,0,2,1,2,0.611667,0.576404,0.794583,0.147392,71
"480",2,1,5,0,3,1,1,0.636667,0.595975,0.697917,0.122512,86
"481",2,1,5,0,4,1,1,0.593333,0.572613,0.52,0.229475,85
"482",2,1,5,0,5,1,1,0.564167,0.551121,0.523333,0.136817,87
"483",2,1,5,0,6,0,1,0.6,0.566908,0.45625,0.083975,91
"484",2,1,5,0,0,0,1,0.620833,0.583967,0.530417,0.254367,84
"485",2,1,5,0,1,1,2,0.598333,0.565667,0.81125,0.233204,66
"486",2,1,5,0,2,1,2,0.615,0.580825,0.765833,0.118167,77
"487",2,1,5,0,3,1,2,0.621667,0.584612,0.774583,0.102,72
"488",2,1,5,0,4,1,1,0.655,0.6067,0.716667,0.172896,82
"489",2,1,5,0,5,1,1,0.68,0.627529,0.747083,0.14055,82
"490",2,1,5,0,6,0,1,0.6925,0.642696,0.7325,0.198992,80
"491",2,1,5,0,0,0,1,0.69,0.641425,0.697083,0.215171,81
"492",2,1,5,1,1,0,1,0.7125,0.6793,0.67625,0.196521,77
"493",2,1,5,0,2,1,1,0.7225,0.672992,0.684583,0.2954,75
"494",2,1,5,0,3,1,2,0.656667,0.611129,0.67,0.134329,82
"495",2,1,5,0,4,1,1,0.68,0.631329,0.492917,0.195279,85
"496",2,1,6,0,5,1,2,0.654167,0.607962,0.755417,0.237563,64
"497",2,1,6,0,6,0,1,0.583333,0.566288,0.549167,0.186562,90
"498",2,1,6,0,0,0,1,0.6025,0.575133,0.493333,0.184087,87
"499",2,1,6,0,1,1,1,0.5975,0.578283,0.487083,0.284833,83
"500",2,1,6,0,2,1,2,0.540833,0.525892,0.613333,0.209575,83
"501",2,1,6,0,3,1,1,0.554167,0.542292,0.61125,0.077125,83
"502",2,1,6,0,4,1,1,0.6025,0.569442,0.567083,0.15735,86
"503",2,1,6,0,5,1,1,0.649167,0.597862,0.467917,0.175383,87
"504",2,1,6,0,6,0,1,0.710833,0.648367,0.437083,0.144287,86
"505",2,1,6,0,0,0,1,0.726667,0.663517,0.538333,0.133721,81
"506",2,1,6,0,1,1,2,0.720833,0.659721,0.587917,0.207713,81
"507",2,1,6,0,2,1,2,0.653333,0.597875,0.833333,0.214546,70
"508",2,1,6,0,3,1,1,0.655833,0.611117,0.582083,0.343279,86
"509",2,1,6,0,4,1,1,0.648333,0.624383,0.569583,0.253733,85
"510",2,1,6,0,5,1,1,0.639167,0.599754,0.589583,0.176617,87
"511",2,1,6,0,6,0,1,0.631667,0.594708,0.504167,0.166667,87
"512",2,1,6,0,0,0,1,0.5925,0.571975,0.59875,0.144904,83
"513",2,1,6,0,1,1,2,0.568333,0.544842,0.777917,0.174746,71
"514",2,1,6,0,2,1,1,0.688333,0.654692,0.69,0.148017,82
"515",2,1,6,0,3,1,1,0.7825,0.720975,0.592083,0.113812,78
"516",3,1,6,0,5,1,1,0.7775,0.724121,0.57375,0.182842,76
"517",3,1,6,0,6,0,1,0.731667,0.652792,0.534583,0.179721,86
"518",3,1,6,0,0,0,1,0.743333,0.674254,0.479167,0.145525,83
"519",3,1,6,0,1,1,1,0.715833,0.654042,0.504167,0.300383,82
"520",3,1,6,0,2,1,1,0.630833,0.594704,0.373333,0.347642,86
"521",3,1,6,0,3,1,1,0.6975,0.640792,0.36,0.271775,85
"522",3,1,6,0,4,1,1,0.749167,0.675512,0.4225,0.17165,82
"523",3,1,6,0,6,0,1,0.765,0.687508,0.60125,0.161071,75
"524",3,1,7,0,1,1,1,0.781667,0.702038,0.447083,0.195267,78
"525",3,1,7,0,2,1,1,0.780833,0.70265,0.492083,0.126237,81
"526",3,1,7,1,3,0,1,0.789167,0.732337,0.53875,0.13495,86
"527",3,1,7,0,1,1,2,0.710833,0.654054,0.683333,0.180975,81
"528",3,1,7,0,2,1,2,0.720833,0.664796,0.6675,0.151737,79
"529",3,1,7,0,3,1,1,0.716667,0.650271,0.633333,0.151733,85
"530",3,1,7,0,4,1,1,0.715833,0.654683,0.529583,0.146775,86
"531",3,1,7,0,5,1,2,0.731667,0.667933,0.485833,0.08085,86
"532",3,1,7,0,6,0,2,0.703333,0.666042,0.699167,0.143679,83
"533",3,1,7,0,0,0,1,0.745833,0.705196,0.717917,0.166667,77
"534",3,1,7,0,1,1,1,0.763333,0.724125,0.645,0.164187,82
"535",3,1,7,0,3,1,1,0.793333,0.745583,0.577083,0.137442,75
"536",3,1,7,0,4,1,1,0.77,0.714642,0.600417,0.165429,81
"537",3,1,7,0,5,1,2,0.665833,0.613025,0.844167,0.208967,76
"538",3,1,7,0,6,0,3,0.595833,0.549912,0.865417,0.2133,66
"539",3,1,7,0,0,0,2,0.6675,0.623125,0.7625,0.0939208,86
"540",3,1,7,0,1,1,1,0.741667,0.690017,0.694167,0.138683,83
"541",3,1,7,0,2,1,1,0.750833,0.70645,0.655,0.211454,87
"542",3,1,7,0,3,1,1,0.724167,0.654054,0.45,0.1648,90
"543",3,1,7,0,4,1,1,0.776667,0.739263,0.596667,0.284813,82
"544",3,1,7,0,5,1,1,0.781667,0.734217,0.594583,0.152992,83
"545",3,1,7,0,6,0,1,0.755833,0.697604,0.613333,0.15735,81
"546",3,1,7,0,0,0,1,0.721667,0.667933,0.62375,0.170396,81
"547",3,1,7,0,1,1,1,0.730833,0.684987,0.66875,0.153617,84
"548",3,1,7,0,2,1,1,0.713333,0.662896,0.704167,0.165425,84
"549",3,1,8,0,3,1,1,0.7175,0.667308,0.6775,0.141179,87
"550",3,1,8,0,4,1,1,0.7525,0.707088,0.659583,0.129354,85
"551",3,1,8,0,5,1,2,0.765833,0.722867,0.6425,0.215792,84
"552",3,1,8,0,6,0,1,0.793333,0.751267,0.613333,0.257458,82
"553",3,1,8,0,0,0,1,0.769167,0.731079,0.6525,0.290421,73
"554",3,1,8,0,1,1,2,0.7525,0.710246,0.654167,0.129354,83
"555",3,1,8,0,2,1,2,0.735833,0.697621,0.70375,0.116908,85
"556",3,1,8,0,3,1,2,0.75,0.707717,0.672917,0.1107,86
"557",3,1,8,0,4,1,1,0.755833,0.699508,0.620417,0.1561,85
"558",3,1,8,0,5,1,2,0.715833,0.667942,0.715833,0.238813,76
"559",3,1,8,0,6,0,2,0.6925,0.638267,0.732917,0.206479,79
"560",3,1,8,0,0,0,1,0.700833,0.644579,0.530417,0.122512,80
"561",3,1,8,0,1,1,1,0.720833,0.662254,0.545417,0.136212,82
"562",3,1,8,0,2,1,1,0.726667,0.676779,0.686667,0.169158,82
"563",3,1,8,0,3,1,1,0.706667,0.654037,0.619583,0.169771,85
"564",3,1,8,0,4,1,1,0.719167,0.654688,0.519167,0.141796,87
"565",3,1,8,0,5,1,1,0.723333,0.2424,0.570833,0.231354,84
"566",3,1,8,0,6,0,1,0.678333,0.618071,0.603333,0.177867,88
"567",3,1,8,0,0,0,2,0.635833,0.603554,0.711667,0.08645,67
"568",3,1,8,0,1,1,2,0.635833,0.595967,0.734167,0.129979,80
"569",3,1,8,0,2,1,1,0.649167,0.601025,0.67375,0.0727708,83
"570",3,1,8,0,3,1,1,0.6675,0.621854,0.677083,0.0702833,85
"571",3,1,8,0,4,1,1,0.695833,0.637008,0.635833,0.0845958,88
"572",3,1,8,0,5,1,2,0.7025,0.6471,0.615,0.0721458,87
"573",3,1,8,0,6,0,2,0.661667,0.618696,0.712917,0.244408,77
"574",3,1,8,0,0,0,2,0.653333,0.595996,0.845833,0.228858,72
"575",3,1,8,0,1,1,1,0.703333,0.654688,0.730417,0.128733,83
"576",3,1,8,0,2,1,1,0.728333,0.66605,0.62,0.190925,83
"577",3,1,8,0,3,1,1,0.685,0.635733,0.552083,0.112562,87
"578",3,1,8,0,4,1,1,0.706667,0.652779,0.590417,0.0771167,87
"579",3,1,8,0,5,1,1,0.764167,0.6894,0.5875,0.168533,85
"580",3,1,9,0,6,0,2,0.753333,0.702654,0.638333,0.113187,78
"581",3,1,9,0,0,0,2,0.696667,0.649,0.815,0.0640708,76
"582",3,1,9,1,1,0,1,0.7075,0.661629,0.790833,0.151121,77
"583",3,1,9,0,2,1,1,0.725833,0.686888,0.755,0.236321,82
"584",3,1,9,0,3,1,1,0.736667,0.708983,0.74125,0.187808,84
"585",3,1,9,0,4,1,2,0.696667,0.655329,0.810417,0.142421,78
"586",3,1,9,0,5,1,1,0.703333,0.657204,0.73625,0.171646,86
"587",3,1,9,0,6,0,2,0.659167,0.611121,0.799167,0.281104,77
"588",3,1,9,0,0,0,1,0.61,0.578925,0.5475,0.224496,90
"589",3,1,9,0,1,1,1,0.583333,0.565654,0.50375,0.258713,86
"590",3,1,9,0,2,1,1,0.5775,0.554292,0.52,0.0920542,88
"591",3,1,9,0,3,1,1,0.599167,0.570075,0.577083,0.131846,88
"592",3,1,9,0,4,1,1,0.6125,0.579558,0.637083,0.0827208,88
"593",3,1,9,0,5,1,1,0.633333,0.594083,0.6725,0.103863,89
"594",3,1,9,0,6,0,1,0.608333,0.585867,0.501667,0.247521,93
"595",3,1,9,0,0,0,1,0.58,0.563125,0.57,0.0901833,85
"596",3,1,9,0,1,1,2,0.580833,0.55305,0.734583,0.151742,82
"597",3,1,9,0,2,1,2,0.623333,0.565067,0.8725,0.357587,63
"598",3,1,9,0,3,1,1,0.5525,0.540404,0.536667,0.215175,87
"599",3,1,9,0,4,1,1,0.546667,0.532192,0.618333,0.118167,87
"600",3,1,9,0,5,1,1,0.599167,0.571971,0.66875,0.154229,90
"601",3,1,9,0,6,0,1,0.65,0.610488,0.646667,0.283583,91
"602",4,1,9,0,0,0,1,0.529167,0.518933,0.467083,0.223258,88
"603",4,1,9,0,1,1,1,0.514167,0.502513,0.492917,0.142404,86
"604",4,1,9,0,2,1,1,0.55,0.544179,0.57,0.236321,86
"605",4,1,9,0,3,1,1,0.635,0.596613,0.630833,0.2444,87
"606",4,1,9,0,4,1,2,0.65,0.607975,0.690833,0.134342,85
"607",4,1,9,0,5,1,2,0.619167,0.585863,0.69,0.164179,86
"608",4,1,9,0,6,0,1,0.5425,0.530296,0.542917,0.227604,92
"609",4,1,9,0,0,0,1,0.526667,0.517663,0.583333,0.134958,83
"610",4,1,10,0,1,1,2,0.520833,0.512,0.649167,0.0908042,82
"611",4,1,10,0,2,1,3,0.590833,0.542333,0.871667,0.104475,68
"612",4,1,10,0,3,1,2,0.6575,0.599133,0.79375,0.0665458,87
"613",4,1,10,0,4,1,2,0.6575,0.607975,0.722917,0.117546,85
"614",4,1,10,0,5,1,1,0.615,0.580187,0.6275,0.10635,90
"615",4,1,10,0,6,0,1,0.554167,0.538521,0.664167,0.268025,89
"616",4,1,10,0,0,0,2,0.415833,0.419813,0.708333,0.141162,59
"617",4,1,10,1,1,0,2,0.383333,0.387608,0.709583,0.189679,74
"618",4,1,10,0,2,1,2,0.446667,0.438112,0.761667,0.1903,79
"619",4,1,10,0,3,1,1,0.514167,0.503142,0.630833,0.187821,87
"620",4,1,10,0,4,1,1,0.435,0.431167,0.463333,0.181596,87
"621",4,1,10,0,5,1,1,0.4375,0.433071,0.539167,0.235092,85
"622",4,1,10,0,6,0,1,0.393333,0.391396,0.494583,0.146142,84
"623",4,1,10,0,0,0,1,0.521667,0.508204,0.640417,0.278612,81
"624",4,1,10,0,1,1,2,0.561667,0.53915,0.7075,0.296037,76
"625",4,1,10,0,2,1,1,0.468333,0.460846,0.558333,0.182221,86
"626",4,1,10,0,3,1,1,0.455833,0.450108,0.692917,0.101371,86
"627",4,1,10,0,4,1,2,0.5225,0.512625,0.728333,0.236937,86
"628",4,1,10,0,5,1,2,0.563333,0.537896,0.815,0.134954,73
"629",4,1,10,0,6,0,1,0.484167,0.472842,0.572917,0.117537,89
"630",4,1,10,0,0,0,1,0.464167,0.456429,0.51,0.166054,82
"631",4,1,10,0,1,1,1,0.4875,0.482942,0.568333,0.0814833,84
"632",4,1,10,0,2,1,1,0.544167,0.530304,0.641667,0.0945458,86
"633",4,1,10,0,3,1,1,0.5875,0.558721,0.63625,0.0727792,87
"634",4,1,10,0,4,1,2,0.55,0.529688,0.800417,0.124375,85
"635",4,1,10,0,5,1,2,0.545833,0.52275,0.807083,0.132467,86
"636",4,1,10,0,6,0,2,0.53,0.515133,0.72,0.235692,88
"637",4,1,10,0,0,0,2,0.4775,0.467771,0.694583,0.398008,66
"638",4,1,10,0,3,1,2,0.3575,0.3611,0.666667,0.166667,74
"639",4,1,11,0,4,1,2,0.365833,0.369942,0.581667,0.157346,77
"640",4,1,11,0,5,1,1,0.355,0.356042,0.522083,0.266175,76
"641",4,1,11,0,6,0,2,0.343333,0.323846,0.49125,0.270529,71
"642",4,1,11,0,0,0,1,0.325833,0.329538,0.532917,0.179108,71
"643",4,1,11,0,1,1,1,0.319167,0.308075,0.494167,0.236325,72
"644",4,1,11,0,2,1,1,0.280833,0.281567,0.567083,0.173513,75
"645",4,1,11,0,3,1,2,0.295833,0.274621,0.5475,0.304108,70
"646",4,1,11,0,4,1,1,0.352174,0.341891,0.333478,0.347835,72
"647",4,1,11,0,5,1,1,0.361667,0.355413,0.540833,0.214558,77
"648",4,1,11,0,6,0,1,0.389167,0.393937,0.645417,0.0578458,80
"649",4,1,11,0,0,0,1,0.420833,0.421713,0.659167,0.1275,82
"650",4,1,11,1,1,0,1,0.485,0.475383,0.741667,0.173517,79
"651",4,1,11,0,2,1,2,0.343333,0.323225,0.662917,0.342046,63
"652",4,1,11,0,3,1,1,0.289167,0.281563,0.552083,0.199625,74
"653",4,1,11,0,4,1,2,0.321667,0.324492,0.620417,0.152987,73
"654",4,1,11,0,5,1,1,0.345,0.347204,0.524583,0.171025,75
"655",4,1,11,0,6,0,1,0.325,0.326383,0.545417,0.179729,75
"656",4,1,11,0,0,0,1,0.3425,0.337746,0.692917,0.227612,68
"657",4,1,11,0,1,1,2,0.380833,0.375621,0.623333,0.235067,74
"658",4,1,11,0,2,1,2,0.374167,0.380667,0.685,0.082725,75
"659",4,1,11,0,3,1,1,0.353333,0.364892,0.61375,0.103246,71
"660",4,1,11,0,1,1,1,0.313333,0.339004,0.535417,0.04665,71
"661",4,1,11,0,2,1,2,0.291667,0.281558,0.786667,0.237562,62
"662",4,1,11,0,3,1,1,0.296667,0.289762,0.50625,0.210821,72
"663",4,1,11,0,4,1,1,0.28087,0.298422,0.555652,0.115522,72
"664",4,1,11,0,5,1,1,0.298333,0.323867,0.649583,0.0584708,75
"665",4,1,12,0,6,0,2,0.298333,0.316904,0.806667,0.0597042,72
"666",4,1,12,0,0,0,2,0.3475,0.359208,0.823333,0.124379,68
"667",4,1,12,0,1,1,1,0.4525,0.455796,0.7675,0.0827208,78
"668",4,1,12,0,2,1,1,0.475833,0.469054,0.73375,0.174129,81
"669",4,1,12,0,3,1,1,0.438333,0.428012,0.485,0.324021,75
"670",4,1,12,0,4,1,1,0.255833,0.258204,0.50875,0.174754,73
"671",4,1,12,0,5,1,2,0.320833,0.321958,0.764167,0.1306,70
"672",4,1,12,0,6,0,2,0.381667,0.389508,0.91125,0.101379,74
"673",4,1,12,0,0,0,2,0.384167,0.390146,0.905417,0.157975,56
"674",4,1,12,0,1,1,2,0.435833,0.435575,0.925,0.190308,71
"675",4,1,12,0,2,1,2,0.353333,0.338363,0.596667,0.296037,74
"676",4,1,12,0,3,1,2,0.2975,0.297338,0.538333,0.162937,72
"677",4,1,12,0,4,1,1,0.295833,0.294188,0.485833,0.174129,74
"678",4,1,12,0,5,1,1,0.281667,0.294192,0.642917,0.131229,74
"679",4,1,12,0,6,0,1,0.324167,0.338383,0.650417,0.10635,71
"680",4,1,12,0,0,0,2,0.3625,0.369938,0.83875,0.100742,61
"681",4,1,12,0,1,1,2,0.393333,0.4015,0.907083,0.0982583,67
"682",4,1,12,0,2,1,1,0.410833,0.409708,0.66625,0.221404,74
"683",4,1,12,0,3,1,1,0.3325,0.342162,0.625417,0.184092,72
"684",4,1,12,0,4,1,2,0.33,0.335217,0.667917,0.132463,64
"685",1,1,12,0,5,1,2,0.326667,0.301767,0.556667,0.374383,60
"686",1,1,12,0,6,0,1,0.265833,0.236113,0.44125,0.407346,41
"687",1,1,12,0,0,0,1,0.245833,0.259471,0.515417,0.133083,42
"688",1,1,12,0,4,1,2,0.254167,0.226642,0.652917,0.350133,45
"689",1,1,12,0,5,1,2,0.253333,0.255046,0.59,0.155471,55
"690",1,1,12,0,6,0,2,0.253333,0.2424,0.752917,0.124383,36
"691",1,1,12,0,0,0,1,0.255833,0.2317,0.483333,0.350754,42
"692",1,1,12,0,1,1,2,0.215833,0.223487,0.5775,0.154846,52
