"","cnt","yr","workingday","atemp","hum","windspeed","season2","season3","season4","weathersit2","weathersit3","weekday456","yr_atemp"
"1",31.3847096529504,0,0,0.363625,0.805833,0.160446,0,0,0,1,0,1,0
"2",28.3019433961698,0,0,0.353739,0.696087,0.248539,0,0,0,1,0,0,0
"3",36.7287353444139,0,1,0.189405,0.437273,0.248309,0,0,0,0,0,0,0
"4",39.522145690739,0,1,0.212122,0.590435,0.160296,0,0,0,0,0,0,0
"5",40,0,1,0.22927,0.436957,0.1869,0,0,0,0,0,0,0
"6",40.0749298190278,0,1,0.233209,0.518261,0.0895652,0,0,0,0,0,1,0
"7",38.8587184554509,0,1,0.208839,0.498696,0.168726,0,0,0,1,0,1,0
"8",30.967725134404,0,0,0.162254,0.535833,0.266804,0,0,0,1,0,1,0
"9",28.6705423736629,0,0,0.116175,0.434167,0.36195,0,0,0,0,0,0,0
"10",36.3455636907725,0,1,0.150888,0.482917,0.223267,0,0,0,0,0,0,0
"11",35.5387112878337,0,1,0.191464,0.686364,0.122132,0,0,0,1,0,0,0
"12",34.0881210981186,0,1,0.160473,0.599545,0.304627,0,0,0,0,0,0,0
"13",37.4966665185054,0,1,0.150883,0.470417,0.301,0,0,0,0,0,1,0
"14",37.6961536499415,0,1,0.188413,0.537826,0.126548,0,0,0,0,0,1,0
"15",35.3270434653114,0,0,0.248112,0.49875,0.157963,0,0,0,1,0,1,0
"16",34.6987031457949,0,0,0.234217,0.48375,0.188433,0,0,0,0,0,0,0
"17",31.6227766016838,0,0,0.176771,0.5375,0.194017,0,0,0,1,0,0,0
"18",26.134268690744,0,1,0.232333,0.861667,0.146775,0,0,0,1,0,0,0
"19",40.6201920231798,0,1,0.298422,0.741739,0.208317,0,0,0,1,0,0,0
"20",43.8976081352959,0,1,0.25505,0.538333,0.195904,0,0,0,1,0,1,0
"21",39.2810386828047,0,1,0.157833,0.457083,0.353242,0,0,0,0,0,1,0
"22",31.3209195267317,0,0,0.0790696,0.4,0.17197,0,0,0,0,0,1,0
"23",31.4006369362152,0,0,0.0988391,0.436522,0.2466,0,0,0,0,0,0,0
"24",37.6297754444536,0,1,0.11793,0.491739,0.15833,0,0,0,0,0,0,0
"25",34.1613817050774,0,1,0.223317,0.793043,0.1233,0,0,0,1,0,1,0
"26",33.1360830515618,0,0,0.212126,0.651739,0.145365,0,0,0,0,0,1,0
"27",33.1058907144937,0,0,0.250322,0.722174,0.0739826,0,0,0,0,0,0,0
"28",38.742741255621,0,1,0.18625,0.60375,0.187192,0,0,0,1,0,0,0
"29",36.8781778291715,0,1,0.23453,0.829565,0.053213,0,0,0,1,0,0,0
"30",39.0640499692492,0,1,0.254417,0.775417,0.264308,0,0,0,1,0,0,0
"31",39.3700393700591,0,1,0.177878,0.437826,0.277752,0,0,0,0,0,1,0
"32",41.3279566395437,0,1,0.228587,0.585217,0.127839,0,0,0,1,0,1,0
"33",31.7017349682947,0,0,0.243058,0.929167,0.161079,0,0,0,1,0,1,0
"34",40.2864741569674,0,0,0.291671,0.568333,0.1418,0,0,0,0,0,0,0
"35",41.3763217311544,0,1,0.303658,0.738333,0.0454083,0,0,0,0,0,0,0
"36",39.1152144312159,0,1,0.198246,0.537917,0.36195,0,0,0,0,0,0,0
"37",40.0624512480203,0,1,0.144283,0.494783,0.188839,0,0,0,1,0,0,0
"38",39.2173431022552,0,1,0.149548,0.437391,0.221935,0,0,0,0,0,1,0
"39",41.7851648315524,0,1,0.213509,0.506364,0.10855,0,0,0,0,0,1,0
"40",38.3666521865018,0,0,0.232954,0.544167,0.203367,0,0,0,0,0,1,0
"41",39.8622628559895,0,0,0.324113,0.457391,0.260883,0,0,0,0,0,0,0
"42",43.7378554572581,0,1,0.39835,0.375833,0.417908,0,0,0,0,0,0,0
"43",42.6028168082816,0,1,0.254274,0.314348,0.291374,0,0,0,0,0,0,0
"44",45.9891291502677,0,1,0.3162,0.423478,0.251791,0,0,0,0,0,0,0
"45",49.749371855331,0,1,0.428658,0.505,0.230104,0,0,0,0,0,1,0
"46",54.1017559788959,0,1,0.511983,0.516667,0.264925,0,0,0,0,0,1,0
"47",40.4351332383115,0,0,0.391404,0.187917,0.507463,0,0,0,0,0,1,0
"48",42.5675933075855,0,0,0.27733,0.407826,0.223235,0,0,0,0,0,0,0
"49",33.2716095192282,0,0,0.284075,0.605,0.307846,0,0,0,1,0,0,0
"50",38.0788655293195,0,1,0.186033,0.577778,0.195683,0,0,0,0,0,0,0
"51",43.7835585579793,0,1,0.245717,0.423043,0.094113,0,0,0,0,0,0,0
"52",42.5088226136646,0,1,0.289191,0.697391,0.250496,0,0,0,1,0,1,0
"53",38.2230297072328,0,1,0.350461,0.712174,0.346539,0,0,0,1,0,1,0
"54",44.3734154646676,0,0,0.282192,0.537917,0.186571,0,0,0,0,0,1,0
"55",49.0102030193714,0,0,0.351109,0.68,0.125248,0,0,0,0,0,0,0
"56",38.0263066836631,0,1,0.400118,0.876364,0.289686,0,0,0,1,0,0,0
"57",43.0232495285979,0,1,0.263879,0.535,0.216425,0,0,0,0,0,0,0
"58",46.1952378498044,0,1,0.320071,0.449583,0.307833,0,0,0,0,0,0,0
"59",41.0487515035476,0,1,0.200133,0.318333,0.225754,0,0,0,0,0,1,0
"60",44.0908153700972,0,1,0.255679,0.610417,0.203346,0,0,0,1,0,1,0
"61",45.5741154604234,0,0,0.378779,0.789167,0.251871,0,0,0,1,0,1,0
"62",24.5967477524977,0,0,0.366252,0.948261,0.343287,0,0,0,1,0,0,0
"63",43.2666153055679,0,1,0.238461,0.551304,0.341352,0,0,0,0,0,0,0
"64",46.184412955022,0,1,0.3024,0.420833,0.12065,0,0,0,0,0,0,0
"65",43.4856298103178,0,1,0.286608,0.775417,0.22015,0,0,0,1,0,0,0
"66",24.9599679486974,0,1,0.385668,0,0.261877,0,0,0,0,1,1,0
"67",44.4634681508314,0,1,0.305,0.649565,0.23297,0,0,0,1,0,1,0
"68",46.1735855224608,0,0,0.32575,0.594583,0.220775,0,0,0,0,0,1,0
"69",49.1629942131274,0,0,0.380091,0.527391,0.270604,0,0,0,0,0,0,0
"70",45.2327315115946,0,1,0.332,0.496957,0.136926,0,0,0,0,0,0,0
"71",45.3431361950185,0,1,0.318178,0.655652,0.184309,0,0,0,1,0,0,0
"72",46.8187996428785,0,1,0.36693,0.776522,0.203117,0,0,0,1,0,0,0
"73",52.3832034148352,0,1,0.410333,0.602917,0.209579,0,0,0,0,0,1,0
"74",56.9122131005288,0,1,0.527009,0.525217,0.231017,0,0,0,0,0,1,0
"75",55.8300994088314,0,0,0.466525,0.379167,0.368167,0,0,0,0,0,1,0
"76",49.7091540865463,0,0,0.32575,0.47375,0.207721,0,0,0,0,0,0,0
"77",45.5741154604234,0,1,0.409735,0.737391,0.288783,1,0,0,1,0,0,0
"78",51.9903837262238,0,1,0.440642,0.624583,0.22575,1,0,0,0,0,0,0
"79",46.0543157586778,0,1,0.337939,0.839565,0.234261,1,0,0,1,0,0,0
"80",43.1856457633784,0,1,0.270833,0.805833,0.243787,1,0,0,1,0,1,0
"81",47.0106370941726,0,1,0.256312,0.495,0.230725,1,0,0,0,0,1,0
"82",49.9599839871872,0,0,0.257571,0.394167,0.209571,1,0,0,0,0,1,0
"83",41.146081222882,0,0,0.250339,0.493913,0.1843,1,0,0,1,0,0,0
"84",45.0333209967908,0,1,0.257574,0.302174,0.212204,1,0,0,0,0,0,0
"85",49.2442890089805,0,1,0.292908,0.314167,0.226996,1,0,0,0,0,0,0
"86",39.1918358845308,0,1,0.29735,0.646667,0.172888,1,0,0,1,0,0,0
"87",41.0487515035476,0,1,0.257575,0.918333,0.217646,1,0,0,0,1,1,0
"88",47.1911008559877,0,1,0.283454,0.68625,0.258708,1,0,0,1,0,1,0
"89",47.4552420708187,0,0,0.315637,0.65375,0.197146,1,0,0,1,0,1,0
"90",57,0,0,0.378767,0.48,0.182213,1,0,0,0,0,0,0
"91",55.8121850495033,0,1,0.542929,0.42625,0.385571,1,0,0,0,0,0,0
"92",42.3674403286297,0,1,0.39835,0.642083,0.388067,1,0,0,1,0,0,0
"93",52.9905651979671,0,1,0.387608,0.470833,0.263063,1,0,0,0,0,0,0
"94",56.0446250768082,0,1,0.433696,0.602917,0.162312,1,0,0,0,0,1,0
"95",38.3536178215302,0,1,0.324479,0.83625,0.226992,1,0,0,1,0,1,0
"96",49.54795656735,0,0,0.341529,0.8775,0.133083,1,0,0,1,0,1,0
"97",53.8052042092584,0,0,0.426737,0.8575,0.146767,1,0,0,1,0,0,0
"98",57.8619045659577,0,1,0.565217,0.716956,0.324474,1,0,0,1,0,0,0
"99",45.0998891351187,0,1,0.493054,0.739167,0.274879,1,0,0,1,0,0,0
"100",46.4973117502507,0,1,0.417283,0.819167,0.250617,1,0,0,1,0,0,0
"101",57.157676649773,0,1,0.462742,0.540417,0.1107,1,0,0,0,0,1,0
"102",55.9106429939775,0,0,0.441913,0.67125,0.226375,1,0,0,0,0,1,0
"103",28.1957443597434,0,0,0.425492,0.888333,0.340808,1,0,0,0,1,1,0
"104",61.1882341631134,0,0,0.445696,0.479583,0.303496,1,0,0,0,0,0,0
"105",58.5576638878294,0,1,0.503146,0.5425,0.163567,1,0,0,0,0,0,0
"106",56.6038867923396,0,1,0.489258,0.665833,0.157971,1,0,0,1,0,0,0
"107",62.8012738724303,0,1,0.564392,0.614167,0.241925,1,0,0,0,0,0,0
"108",64.7224845011376,0,1,0.453892,0.407083,0.325258,1,0,0,0,0,1,0
"109",41.024382993532,0,1,0.321954,0.729583,0.219521,1,0,0,1,0,1,0
"110",63.5295206970744,0,0,0.450121,0.887917,0.230725,1,0,0,1,0,1,0
"111",64.7379332385581,0,0,0.551763,0.810833,0.192175,1,0,0,1,0,0,0
"112",63.8200595424354,0,1,0.5745,0.776667,0.185333,1,0,0,0,0,0,0
"113",66.332495807108,0,1,0.594083,0.729167,0.3265,1,0,0,0,0,0,0
"114",62.2253967444162,0,1,0.575142,0.835417,0.3122,1,0,0,1,0,0,0
"115",63.7024332345319,0,1,0.578929,0.700833,0.320908,1,0,0,1,0,1,0
"116",67.7864293203293,0,1,0.497463,0.457083,0.240063,1,0,0,0,0,1,0
"117",72.8834686331544,0,0,0.464021,0.503333,0.235075,1,0,0,0,0,1,0
"118",57.8878225536252,0,0,0.448204,0.762083,0.106354,1,0,0,1,0,0,0
"119",66.3400331624879,0,1,0.532833,0.73,0.183454,1,0,0,1,0,0,0
"120",66.7158152164837,0,1,0.582079,0.697083,0.342667,1,0,0,1,0,0,0
"121",51.31276644267,0,1,0.40465,0.737083,0.328996,1,0,0,1,0,0,0
"122",66.5807780068692,0,1,0.441917,0.444167,0.295392,1,0,0,0,0,1,0
"123",67.8822509939086,0,1,0.474117,0.59,0.228246,1,0,0,0,0,1,0
"124",68.6585755750875,0,0,0.512621,0.54125,0.16045,1,0,0,0,0,1,0
"125",65.8255269633294,0,0,0.518933,0.631667,0.0746375,1,0,0,0,0,0,0
"126",66.0454389038335,0,1,0.525246,0.58875,0.176,1,0,0,0,0,0,0
"127",69.3036795559947,0,1,0.522721,0.489167,0.115671,1,0,0,0,0,0,0
"128",64.668384856899,0,1,0.5284,0.632917,0.120642,1,0,0,0,0,0,0
"129",69.7423830966508,0,1,0.523363,0.7475,0.189667,1,0,0,0,0,1,0
"130",64.0702739185654,0,1,0.4943,0.863333,0.179725,1,0,0,1,0,1,0
"131",58.38664230798,0,0,0.500629,0.9225,0.13495,1,0,0,1,0,1,0
"132",67.4759216313494,0,0,0.536,0.867083,0.152979,1,0,0,1,0,0,0
"133",62.9126378401033,0,1,0.550512,0.787917,0.126871,1,0,0,0,0,0,0
"134",64.2105910267146,0,1,0.538529,0.837917,0.277354,1,0,0,1,0,0,0
"135",62.0886463051015,0,1,0.527158,0.87,0.201492,1,0,0,1,0,0,0
"136",67.6387462923434,0,1,0.510742,0.829583,0.108213,1,0,0,1,0,1,0
"137",70.1213234330328,0,1,0.529042,0.719583,0.125013,1,0,0,0,0,1,0
"138",76.1905505952018,0,0,0.571975,0.626667,0.12065,1,0,0,0,0,1,0
"139",68.264192663504,0,0,0.5745,0.749583,0.148008,1,0,0,0,0,0,0
"140",65.3758365147246,0,1,0.590296,0.81,0.233842,1,0,0,1,0,0,0
"141",67.0223843204642,0,1,0.604813,0.740833,0.207092,1,0,0,1,0,0,0
"142",70.5549431294505,0,1,0.615542,0.69625,0.154233,1,0,0,0,0,0,0
"143",68.3885955404847,0,1,0.654688,0.6775,0.199642,1,0,0,0,0,1,0
"144",68.4032162986507,0,1,0.637008,0.65375,0.240679,1,0,0,0,0,1,0
"145",68.9782574439221,0,0,0.612379,0.729583,0.230092,1,0,0,0,0,1,0
"146",69.1953755680248,0,0,0.61555,0.81875,0.213938,1,0,0,0,0,0,0
"147",64.0156230931169,0,0,0.671092,0.685,0.131225,1,0,0,0,0,0,0
"148",63.103090257134,0,1,0.725383,0.636667,0.111329,1,0,0,0,0,0,0
"149",63.0396700498979,0,1,0.720967,0.677083,0.207092,1,0,0,1,0,0,0
"150",70.4840407468244,0,1,0.643942,0.305,0.292287,1,0,0,0,0,1,0
"151",72.8834686331544,0,1,0.587133,0.354167,0.253121,1,0,0,0,0,1,0
"152",73.0889868584864,0,0,0.594696,0.45625,0.123142,1,0,0,0,0,1,0
"153",70.0428440313498,0,0,0.616804,0.6525,0.138692,1,0,0,1,0,0,0
"154",67.4388612003495,0,1,0.621858,0.6,0.121896,1,0,0,0,0,0,0
"155",69.5197813575388,0,1,0.65595,0.597917,0.187808,1,0,0,0,0,0,0
"156",66.3400331624879,0,1,0.727279,0.622083,0.136817,1,0,0,0,0,0,0
"157",67.7200118133481,0,1,0.703292,0.605,0.140554,1,0,0,0,0,1,0
"158",70.4698517097915,0,0,0.678038,0.654583,0.15485,1,0,0,0,0,1,0
"159",66.783231428256,0,0,0.643325,0.747917,0.163567,1,0,0,0,0,0,0
"160",70.8519583356734,0,1,0.601654,0.494583,0.30535,1,0,0,0,0,0,0
"161",69.9356847396235,0,1,0.591546,0.507083,0.269283,1,0,0,0,0,0,0
"162",71.9722168617863,0,1,0.587754,0.471667,0.167912,1,0,0,0,0,0,0
"163",61.3758910322286,0,1,0.595346,0.688333,0.206471,1,0,0,1,0,1,0
"164",69.5988505652213,0,1,0.600383,0.735833,0.143029,1,0,0,0,0,1,0
"165",71.5471872263334,0,0,0.643954,0.670417,0.119408,1,0,0,0,0,1,0
"166",68.8767014308903,0,0,0.645846,0.666667,0.102,1,0,0,1,0,0,0
"167",63.3245607959503,0,1,0.595346,0.74625,0.155475,1,0,0,1,0,0,0
"168",69.5341642647699,0,1,0.637646,0.770417,0.171025,0,1,0,1,0,0,0
"169",67.1341939699882,0,1,0.693829,0.7075,0.172262,0,1,0,0,0,0,0
"170",69.2098258919931,0,1,0.693833,0.703333,0.238804,0,1,0,1,0,1,0
"171",70.6470098447202,0,1,0.656583,0.573333,0.222025,0,1,0,0,0,1,0
"172",72.1248916810278,0,0,0.643313,0.483333,0.209571,0,1,0,0,0,1,0
"173",72.8354309385206,0,0,0.637629,0.513333,0.0945333,0,1,0,0,0,0,0
"174",68.6148671936338,0,1,0.637004,0.658333,0.107588,0,1,0,1,0,0,0
"175",68.1762421962372,0,1,0.692558,0.634167,0.144283,0,1,0,0,0,0,0
"176",72.2841614740048,0,1,0.654688,0.497917,0.261821,0,1,0,0,0,0,0
"177",74.2630459919333,0,1,0.637008,0.434167,0.185312,0,1,0,0,0,1,0
"178",73.2256785560912,0,1,0.652162,0.39625,0.102608,0,1,0,0,0,1,0
"179",71.5471872263334,0,0,0.667308,0.444583,0.115062,0,1,0,0,0,1,0
"180",68.1835757349231,0,0,0.668575,0.6825,0.228858,0,1,0,1,0,0,0
"181",77.7367352028627,0,0,0.665417,0.637917,0.0814792,0,1,0,1,0,0,0
"182",68.3008052661167,0,1,0.696338,0.590417,0.126258,0,1,0,0,0,0,0
"183",68.0367547726962,0,1,0.685633,0.743333,0.149883,0,1,0,0,0,0,0
"184",67.7642973843897,0,1,0.686871,0.65125,0.1592,0,1,0,0,0,1,0
"185",63.5609943282828,0,1,0.670483,0.757917,0.225129,0,1,0,1,0,1,0
"186",73.0479294709987,0,0,0.664158,0.609167,0.167912,0,1,0,0,0,1,0
"187",69.8641538988343,0,0,0.690025,0.578333,0.183471,0,1,0,0,0,0,0
"188",63.9218272579876,0,1,0.729804,0.635833,0.282337,0,1,0,0,0,0,0
"189",65.2533524043018,0,1,0.739275,0.559167,0.200254,0,1,0,0,0,0,0
"190",65.8938540381423,0,1,0.689404,0.631667,0.146133,0,1,0,0,0,0,0
"191",71.3021738799035,0,1,0.635104,0.47625,0.240667,0,1,0,0,0,1,0
"192",74.4177398205562,0,1,0.624371,0.59125,0.182833,0,1,0,0,0,1,0
"193",76.9610290991486,0,0,0.638263,0.585,0.208342,0,1,0,0,0,1,0
"194",72.8148336535901,0,0,0.669833,0.604167,0.245033,0,1,0,0,0,0,0
"195",66.7682559304944,0,1,0.703925,0.65125,0.215804,0,1,0,0,0,0,0
"196",67.3869423553258,0,1,0.747479,0.650417,0.1306,0,1,0,0,0,0,0
"197",65.8179306876173,0,1,0.74685,0.707083,0.113817,0,1,0,0,0,0,0
"198",61.9677335393187,0,1,0.720958,0.757083,0.0908083,0,1,0,0,0,0,0
"199",67.7495387438173,0,1,0.696979,0.540833,0.200258,0,1,0,0,0,0,0
"200",68.2348884369279,0,1,0.690667,0.402917,0.183463,0,1,0,0,0,0,0
"201",66.2570750939098,0,1,0.7399,0.583333,0.178479,0,1,0,0,0,1,0
"202",65.3146231712317,0,1,0.703292,0.550833,0.156717,0,1,0,0,0,0,0
"203",69.6060342211794,0,1,0.707071,0.49125,0.20585,0,1,0,0,0,0,0
"204",59.7829407105405,0,1,0.679937,0.6575,0.135583,0,1,0,1,0,0,0
"205",67.6461381011511,0,1,0.664788,0.7575,0.19715,0,1,0,1,0,1,0
"206",69.7567201063812,0,1,0.656567,0.630833,0.184696,0,1,0,0,0,1,0
"207",65.5286197016235,0,0,0.676154,0.755,0.22825,0,1,0,1,0,1,0
"208",61.5223536610881,0,0,0.715292,0.752917,0.201487,0,1,0,0,0,0,0
"209",65.7723346096214,0,1,0.703283,0.592083,0.192175,0,1,0,0,0,0,0
"210",67.8380424245865,0,1,0.724121,0.570417,0.151121,0,1,0,0,0,0,0
"211",69.1375440697744,0,1,0.684983,0.424167,0.200258,0,1,0,0,0,0,0
"212",69.2242731995071,0,1,0.651521,0.42375,0.164796,0,1,0,0,0,1,0
"213",70.0357051795725,0,1,0.654042,0.415,0.125621,0,1,0,0,0,1,0
"214",64.4204936336256,0,0,0.645858,0.729583,0.211454,0,1,0,1,0,1,0
"215",61.8061485614498,0,0,0.624388,0.8175,0.222633,0,1,0,1,0,0,0
"216",65.8634952003004,0,1,0.616167,0.712083,0.208954,0,1,0,0,0,0,0
"217",68.7386354243376,0,1,0.645837,0.578333,0.236329,0,1,0,0,0,0,0
"218",68.5127725318426,0,1,0.666671,0.575417,0.143667,0,1,0,0,0,0,0
"219",61.6846820531645,0,1,0.662258,0.654583,0.233208,0,1,0,0,0,1,0
"220",64.4437739428721,0,1,0.633221,0.722917,0.139308,0,1,0,1,0,1,0
"221",72.0485947121802,0,0,0.648996,0.674167,0.104467,0,1,0,0,0,1,0
"222",62.2334315300064,0,0,0.675525,0.77,0.248754,0,1,0,0,0,0,0
"223",68.9782574439221,0,1,0.638254,0.47,0.27675,0,1,0,0,0,0,0
"224",76.7789033524184,0,1,0.606067,0.455417,0.146763,0,1,0,0,0,0,0
"225",71.6240183178799,0,1,0.630692,0.605,0.253108,0,1,0,0,0,0,0
"226",59.514704065466,0,1,0.645854,0.771667,0.210833,0,1,0,1,0,1,0
"227",65.8331223625312,0,0,0.647959,0.561765,0.304659,0,1,0,0,0,0,0
"228",68.07348970047,0,1,0.607958,0.554583,0.159825,0,1,0,0,0,0,0
"229",72.1387551874857,0,1,0.594704,0.548333,0.125008,0,1,0,0,0,0,0
"230",71.1196175467782,0,1,0.611121,0.597917,0.0833333,0,1,0,0,0,0,0
"231",71.5192281837549,0,1,0.614921,0.639167,0.141796,0,1,0,0,0,1,0
"232",68.7531817445564,0,1,0.604808,0.727083,0.139929,0,1,0,1,0,1,0
"233",66.9626761711328,0,0,0.633213,0.716667,0.185325,0,1,0,0,0,1,0
"234",70.2851335632223,0,0,0.665429,0.742083,0.206467,0,1,0,0,0,0,0
"235",57.8878225536252,0,0,0.625646,0.790417,0.212696,0,1,0,1,0,0,0
"236",52.0576603392815,0,1,0.5152,0.886957,0.343943,0,1,0,0,1,0,0
"237",44.6766158073774,0,1,0.544229,0.917083,0.0970208,0,1,0,0,1,0,0
"238",42.9185274677499,0,1,0.555361,0.939565,0.192748,0,1,0,0,1,1,0
"239",59.5315042645489,0,1,0.578946,0.897917,0.124379,0,1,0,1,0,1,0
"240",73.109506905737,0,0,0.607962,0.75375,0.153608,0,1,0,0,0,1,0
"241",71.0352025407122,0,0,0.609229,0.71375,0.115054,0,1,0,0,0,0,0
"242",68.6512927773396,0,1,0.60213,0.692174,0.088913,0,1,0,0,0,0,0
"243",69.0144912319145,0,1,0.603554,0.7125,0.141804,0,1,0,0,0,0,0
"244",69.173694422085,0,1,0.6269,0.697083,0.1673,0,1,0,0,0,0,0
"245",60.4896685393465,0,1,0.553671,0.709167,0.271146,0,1,0,1,0,1,0
"246",68.9927532426414,0,1,0.461475,0.590417,0.164183,0,1,0,1,0,1,0
"247",67.1639784408279,0,0,0.478512,0.718333,0.189675,0,1,0,1,0,1,0
"248",65.3758365147246,0,0,0.490537,0.695,0.178483,0,1,0,0,0,0,0
"249",67.3721010508059,0,1,0.529675,0.69,0.151742,0,1,0,1,0,0,0
"250",60.3406993661824,0,1,0.532217,0.88125,0.134954,0,1,0,1,0,0,0
"251",65.9696900098826,0,1,0.550533,0.9,0.0964042,0,1,0,1,0,0,0
"252",69.2459385090563,0,1,0.554963,0.902083,0.128125,0,1,0,1,0,1,0
"253",48.9387372129686,0,1,0.522125,0.9725,0.0783667,0,0,1,1,0,1,0
"254",73.6410211770586,0,0,0.564412,0.8625,0.0783833,0,0,1,1,0,1,0
"255",70.7813534767456,0,0,0.572637,0.845,0.0503792,0,0,1,1,0,0,0
"256",68.044103344816,0,1,0.589042,0.848333,0.1107,0,0,1,1,0,0,0
"257",64.1872261435249,0,1,0.574525,0.885417,0.118171,0,0,1,1,0,0,0
"258",62.5059997120276,0,1,0.575158,0.84875,0.148629,0,0,1,1,0,0,0
"259",69.5629211577547,0,1,0.574512,0.699167,0.172883,0,0,1,0,0,1,0
"260",72.1248916810278,0,1,0.544829,0.6475,0.206475,0,0,1,0,0,1,0
"261",49.2848861214064,0,0,0.412863,0.75375,0.292296,0,0,1,1,0,1,0
"262",54.018515344278,0,0,0.345317,0.791667,0.222013,0,0,1,1,0,0,0
"263",59.7494769851586,0,1,0.392046,0.760833,0.0833458,0,0,1,1,0,0,0
"264",66.7532770731145,0,1,0.472858,0.71,0.205854,0,0,1,0,0,0,0
"265",69.4694177318336,0,1,0.527138,0.647917,0.17725,0,0,1,0,0,0,0
"266",69.0289794216893,0,1,0.480425,0.620833,0.134954,0,0,1,0,0,1,0
"267",70.6045324324154,0,1,0.504404,0.684167,0.0223917,0,0,1,0,0,1,0
"268",73.5459040327876,0,0,0.513242,0.70125,0.0454042,0,0,1,0,0,1,0
"269",74.2361098118699,0,0,0.523983,0.7275,0.06345,0,0,1,0,0,0,0
"270",71.5332090710322,0,0,0.542925,0.73375,0.0423042,0,0,1,0,0,0,0
"271",67.5499814951862,0,1,0.546096,0.80875,0.143042,0,0,1,1,0,0,0
"272",49.152822909778,0,1,0.517717,0.90625,0.24815,0,0,1,0,1,0,0
"273",53.9722150740545,0,1,0.551804,0.896667,0.141787,0,0,1,1,0,1,0
"274",60.3655530911463,0,1,0.529675,0.71625,0.223883,0,0,1,1,0,1,0
"275",72.2288031189774,0,0,0.498725,0.483333,0.258083,0,0,1,0,0,1,0
"276",71,0,0,0.503154,0.486667,0.281717,0,0,1,0,0,0,0
"277",67.6017751246223,0,1,0.510725,0.579583,0.175379,0,0,1,0,0,0,0
"278",68.9057327078089,0,1,0.522721,0.701667,0.110087,0,0,1,1,0,0,0
"279",49.2341345003647,0,1,0.513848,0.895217,0.243339,0,0,1,0,1,0,0
"280",64.7688196588451,0,1,0.466525,0.63625,0.422275,0,0,1,0,0,1,0
"281",65.6048778674269,0,1,0.423596,0.574167,0.221396,0,0,1,0,0,1,0
"282",65.6353563256878,0,0,0.425492,0.629167,0.0926667,0,0,1,0,0,1,0
"283",66.1891229734916,0,0,0.422333,0.74125,0.0995125,0,0,1,0,0,0,0
"284",64.7070320753471,0,1,0.457067,0.772083,0.118792,0,0,1,0,0,0,0
"285",68.461668107051,0,1,0.463375,0.622917,0.166658,0,0,1,0,0,0,0
"286",62.4019230472908,0,1,0.472846,0.720417,0.148642,0,0,1,1,0,0,0
"287",51.565492337415,0,1,0.457046,0.812917,0.197763,0,0,1,1,0,1,0
"288",61.2127437712116,0,1,0.318812,0.585833,0.229479,0,0,1,1,0,1,0
"289",57.7148161220323,0,0,0.321329,0.62375,0.176617,0,0,1,0,0,0,0
"290",60.5722708836312,0,1,0.356063,0.703333,0.10635,0,0,1,0,0,0,0
"291",63.7808748764079,0,1,0.397088,0.68375,0.135571,0,0,1,0,0,0,0
"292",64.6993044784872,0,1,0.390133,0.71875,0.0820917,0,0,1,0,0,0,0
"293",63.0396700498979,0,1,0.405921,0.702083,0.136817,0,0,1,0,0,1,0
"294",63.608175575157,0,1,0.403392,0.6225,0.271779,0,0,1,1,0,1,0
"295",62.6578007912822,0,0,0.323854,0.519167,0.189062,0,0,1,0,0,1,0
"296",60.4069532421558,0,0,0.362358,0.734583,0.0920542,0,0,1,0,0,0,0
"297",63.521649852629,0,1,0.400871,0.75875,0.057225,0,0,1,0,0,0,0
"298",64.8459713474939,0,1,0.412246,0.721667,0.0690375,0,0,1,0,0,0,0
"299",64.1014820421494,0,1,0.409079,0.758333,0.0621958,0,0,1,0,0,0,0
"300",54.157178656204,0,1,0.373721,0.813333,0.189067,0,0,1,1,0,1,0
"301",58.0344725141876,0,0,0.306817,0.44625,0.314675,0,0,1,0,0,1,0
"302",63.7730350540101,0,0,0.357942,0.552917,0.212062,0,0,1,0,0,1,0
"303",60.9672042987047,0,0,0.43055,0.458333,0.281721,0,0,1,0,0,0,0
"304",66.9776081985614,0,1,0.524612,0.587083,0.306596,0,0,1,0,0,0,0
"305",64.7688196588451,0,1,0.507579,0.68875,0.199633,0,0,1,1,0,0,0
"306",42.6262829718942,0,1,0.451988,0.93,0.136829,0,0,1,0,1,0,0
"307",55.2539591341652,0,1,0.323221,0.575833,0.305362,0,0,1,1,0,1,0
"308",58.2408791142441,0,1,0.272721,0.41,0.168533,0,0,1,0,0,1,0
"309",60.522723005496,0,0,0.324483,0.502083,0.224496,0,0,1,0,0,1,0
"310",59.3295878967653,0,0,0.457058,0.684583,0.18595,0,0,1,1,0,0,0
"311",52.5832673005396,0,1,0.445062,0.91,0.138054,0,0,1,0,1,0,0
"312",40.0874045056549,0,1,0.421696,0.9625,0.118792,0,0,1,0,1,0,0
"313",50.6557005676558,0,1,0.430537,0.757917,0.335825,0,0,1,1,0,0,0
"314",62.185207244167,0,1,0.490122,0.743043,0.142122,0,0,1,0,0,0,0
"315",53.9814783050631,0,1,0.451375,0.830833,0.258092,0,0,1,1,0,0,0
"316",60.1082357085949,0,1,0.311221,0.613333,0.271158,0,0,1,0,0,0,0
"317",61.0491605183888,0,1,0.305554,0.524583,0.220158,0,0,1,0,0,1,0
"318",62.7694193059009,0,1,0.331433,0.625833,0.100754,0,0,1,0,0,1,0
"319",60.1165534607565,0,0,0.310604,0.612917,0.0957833,0,0,1,0,0,1,0
"320",59.0338885725818,0,0,0.3491,0.775833,0.0839583,0,0,1,0,0,0,0
"321",61.7332973362026,0,1,0.393925,0.827083,0.0622083,0,0,1,1,0,0,0
"322",50.9313263129874,0,1,0.4564,0.949583,0.232583,0,0,1,0,1,0,0
"323",57.6367938039582,0,1,0.256938,0.58,0.240058,0,0,1,0,0,1,0
"324",60.1664358259653,0,1,0.317542,0.695833,0.0827167,0,0,1,0,0,1,0
"325",56.4800849857718,0,0,0.266412,0.5075,0.233221,0,0,1,0,0,1,0
"326",52.373657500694,0,0,0.253154,0.49,0.0665417,0,0,1,0,0,0,0
"327",57.5325994545701,0,1,0.270196,0.670833,0.06345,0,0,1,0,0,0,0
"328",59.3548650070068,0,1,0.301138,0.59,0.14055,0,0,1,0,0,0,0
"329",61.1555394056826,0,1,0.338362,0.66375,0.0609583,0,0,1,1,0,0,0
"330",60.9015599143405,0,1,0.412237,0.634167,0.268042,0,0,1,1,0,1,0
"331",59.8080262172227,0,1,0.359825,0.500417,0.260575,0,0,1,1,0,1,0
"332",52.3354564325181,0,0,0.249371,0.560833,0.243167,0,0,1,1,0,1,0
"333",49.3051721424842,0,0,0.245579,0.58625,0.169779,0,0,1,0,0,0,0
"334",58.335238064141,0,1,0.280933,0.6375,0.172896,0,0,1,0,0,0,0
"335",61.2372435695795,0,1,0.396454,0.595417,0.0615708,0,0,1,1,0,0,0
"336",51.5751878329105,0,1,0.428017,0.858333,0.2214,0,0,0,1,0,0,0
"337",55.3895296965049,0,1,0.426121,0.7575,0.047275,0,0,0,1,0,1,0
"338",47,0,1,0.377513,0.68625,0.274246,0,0,0,0,0,1,0
"339",34.0881210981186,0,1,0.327633,0.7625,0.18845,0,0,0,1,0,0,0
"340",47.9791621435806,0,1,0.279974,0.503913,0.293961,0,0,0,0,0,0,0
"341",49.2239778969559,0,1,0.263892,0.574167,0.119412,0,0,0,0,0,1,0
"342",54.7631262803723,0,1,0.318812,0.636667,0.134337,0,0,0,0,0,1,0
"343",49.8497743224581,0,0,0.414121,0.615833,0.220154,0,0,0,0,0,1,0
"344",47.8957200593122,1,0,0.375621,0.6925,0.192167,0,0,0,0,0,0,0.375621
"345",44.1701256507156,1,0,0.252304,0.381304,0.329665,0,0,0,0,0,0,0.252304
"346",47.2863616701476,1,1,0.126275,0.44125,0.365671,0,0,0,0,0,0,0.126275
"347",48.6621002423858,1,1,0.119337,0.414583,0.1847,0,0,0,1,0,0,0.119337
"348",57.2013985843004,1,1,0.278412,0.524167,0.129987,0,0,0,0,0,1,0.278412
"349",64.0156230931169,1,1,0.340267,0.542083,0.167908,0,0,0,0,0,1,0.340267
"350",67.238381896057,1,0,0.390779,0.531667,0.174758,0,0,0,0,0,1,0.390779
"351",58.5234995535981,1,0,0.340258,0.465,0.191542,0,0,0,0,0,0,0.340258
"352",48.7442304278158,1,1,0.247479,0.701667,0.0989,0,0,0,1,0,0,0.247479
"353",59.9833310178753,1,1,0.318826,0.646522,0.187552,0,0,0,0,0,0,0.318826
"354",46.6583325891528,1,1,0.282821,0.8475,0.131221,0,0,0,1,0,0,0.282821
"355",64.007812023221,1,1,0.381938,0.802917,0.180967,0,0,0,1,0,1,0.381938
"356",56.6921511322335,1,1,0.249362,0.5075,0.378108,0,0,0,0,0,1,0.249362
"357",49.9299509312797,1,0,0.183087,0.4575,0.187183,0,0,0,0,0,1,0.183087
"358",48.0728613668877,1,0,0.161625,0.419167,0.251258,0,0,0,0,0,0,0.161625
"359",47.9374592568275,1,0,0.190663,0.5225,0.231358,0,0,0,0,0,0,0.190663
"360",54.1756402823261,1,1,0.364278,0.716087,0.34913,0,0,0,1,0,0,0.364278
"361",58.1033561853358,1,1,0.275254,0.443333,0.415429,0,0,0,0,0,0,0.275254
"362",57.3759531511242,1,1,0.190038,0.4975,0.220158,0,0,0,0,0,1,0.190038
"363",56.2405547625555,1,1,0.220958,0.45,0.20275,0,0,0,1,0,1,0.220958
"364",36.0693775937429,1,0,0.174875,0.83125,0.222642,0,0,0,1,0,1,0.174875
"365",44.4634681508314,1,0,0.16225,0.79625,0.199638,0,0,0,1,0,0,0.16225
"366",49.3153120237518,1,1,0.243058,0.91125,0.110708,0,0,0,1,0,0,0.243058
"367",65.8710862214978,1,1,0.349108,0.835833,0.123767,0,0,0,0,0,0,0.349108
"368",65.3452370108182,1,1,0.294821,0.64375,0.161071,0,0,0,0,0,0,0.294821
"369",63.8357266740185,1,1,0.35605,0.769583,0.0733958,0,0,0,1,0,1,0.35605
"370",58.7877538267963,1,1,0.415383,0.74125,0.342667,0,0,0,1,0,1,0.415383
"371",63.4271235355979,1,0,0.326379,0.543333,0.210829,0,0,0,0,0,1,0.326379
"372",56.9473440996154,1,0,0.272721,0.31125,0.24005,0,0,0,0,0,0,0.272721
"373",60.1996677731696,1,1,0.262625,0.400833,0.215792,0,0,0,0,0,0,0.262625
"374",67.1490878567982,1,1,0.381317,0.416667,0.261817,0,0,0,0,0,0,0.381317
"375",67.6683086828687,1,1,0.466538,0.507917,0.189067,0,0,0,0,0,0,0.466538
"376",61.3269924258479,1,1,0.398971,0.672917,0.187187,0,0,0,1,0,1,0.398971
"377",64.4282546713785,1,1,0.309346,0.526667,0.178496,0,0,0,0,0,1,0.309346
"378",53.2165387826003,1,0,0.272725,0.779583,0.121896,0,0,0,1,0,1,0.272725
"379",54.2862781925599,1,0,0.264521,0.687917,0.175996,0,0,0,1,0,0,0.264521
"380",61.5142259969188,1,1,0.296426,0.622174,0.1538,0,0,0,0,0,0,0.296426
"381",66.1437827766148,1,1,0.361104,0.49625,0.147379,0,0,0,0,0,0,0.361104
"382",52.9339210714642,1,1,0.266421,0.722917,0.133721,0,0,0,1,0,0,0.266421
"383",61.8869937870632,1,1,0.261988,0.562083,0.194037,0,0,0,0,0,1,0.261988
"384",61.8950725017751,1,1,0.293558,0.54,0.116929,0,0,0,1,0,1,0.293558
"385",46.5725240887801,1,0,0.210867,0.73125,0.289796,0,0,0,0,1,1,0.210867
"386",39.1024295920343,1,0,0.101658,0.464583,0.409212,0,0,0,0,0,0,0.101658
"387",58.4978632088387,1,1,0.227913,0.41125,0.167283,0,0,0,0,0,0,0.227913
"388",62.6258732474047,1,1,0.333946,0.50875,0.141179,0,0,0,1,0,0,0.333946
"389",64.5677938294317,1,1,0.351629,0.53125,0.1816,0,0,0,0,0,0,0.351629
"390",54.817880294663,1,1,0.330162,0.752917,0.091425,0,0,0,1,0,1,0.330162
"391",64.4515321772881,1,1,0.351629,0.634583,0.205846,0,0,0,0,0,1,0.351629
"392",65.7114906237866,1,0,0.355425,0.534583,0.190929,0,0,0,0,0,1,0.355425
"393",51.8555686498567,1,0,0.265788,0.515833,0.253112,0,0,0,1,0,0,0.265788
"394",55.937465083788,1,0,0.273391,0.507826,0.229083,0,0,0,0,0,0,0.273391
"395",61.4573022512378,1,1,0.295113,0.594348,0.205717,0,0,0,0,0,0,0.295113
"396",69.0869017976635,1,1,0.392667,0.567917,0.234471,0,0,0,0,0,0,0.392667
"397",71.147733625183,1,1,0.444446,0.554583,0.190913,0,0,0,0,0,1,0.444446
"398",59.0508255657785,1,1,0.410971,0.7375,0.237567,0,0,0,1,0,1,0.410971
"399",52.2685373814879,1,0,0.255675,0.395833,0.421642,0,0,0,0,0,1,0.255675
"400",58.2151183113115,1,0,0.268308,0.41,0.205229,0,0,0,0,0,0,0.268308
"401",65.7419196555744,1,1,0.357954,0.490833,0.268033,0,0,0,0,0,0,0.357954
"402",66.0530090154869,1,1,0.353525,0.395833,0.193417,0,0,0,0,0,0,0.353525
"403",42.8252262107277,1,1,0.34847,0.804783,0.179117,0,0,0,1,0,0,0.34847
"404",70.6399320497974,1,1,0.475371,0.615417,0.226987,0,0,0,0,0,1,0.475371
"405",56.5154846037792,1,1,0.359842,0.657083,0.144904,0,0,0,1,0,1,0.359842
"406",63.7651942677194,1,0,0.413492,0.62125,0.161079,0,0,0,1,0,1,0.413492
"407",58.5064099052403,1,0,0.303021,0.403333,0.334571,0,0,0,0,0,0,0.303021
"408",57.7321400954442,1,1,0.241171,0.50625,0.228858,0,0,0,0,0,0,0.241171
"409",62.8967407740655,1,1,0.255042,0.456667,0.200875,0,0,0,0,0,0,0.255042
"410",70.1141925718324,1,1,0.3851,0.513333,0.345779,0,0,0,0,0,0,0.3851
"411",73.3621155638249,1,1,0.524604,0.5675,0.441563,0,0,0,0,0,1,0.524604
"412",67.5943784644847,1,1,0.397083,0.407083,0.4148,0,0,0,1,0,1,0.397083
"413",64.1716448285378,1,0,0.277767,0.350417,0.22575,0,0,0,0,0,1,0.277767
"414",70.0785273817879,1,0,0.35967,0.476957,0.222587,0,0,0,0,0,0,0.35967
"415",72.7873615403114,1,1,0.459592,0.489167,0.207713,0,0,0,0,0,0,0.459592
"416",76.4656785754236,1,1,0.542929,0.6175,0.23695,0,0,0,0,0,0,0.542929
"417",79.4480962641648,1,1,0.548617,0.507083,0.115062,0,0,0,0,0,0,0.548617
"418",78.689262291624,1,1,0.532825,0.579583,0.149883,0,0,0,0,0,1,0.532825
"419",66.1664567586931,1,1,0.436229,0.842083,0.113192,0,0,0,1,0,1,0.436229
"420",88.5211839053229,1,0,0.505046,0.755833,0.110704,0,0,0,1,0,1,0.505046
"421",76.7593642495819,1,0,0.464,0.81,0.126883,0,0,0,1,0,0,0.464
"422",78.4410606761535,1,1,0.532821,0.72875,0.162317,0,0,0,0,0,0,0.532821
"423",78.0576709875461,1,1,0.538533,0.807917,0.121271,0,0,0,0,0,0,0.538533
"424",78.9303490426845,1,1,0.513258,0.82125,0.0895583,1,0,0,1,0,0,0.513258
"425",82.8914953418021,1,1,0.531567,0.83125,0.117562,1,0,0,0,0,1,0.531567
"426",91.4439719172346,1,1,0.570067,0.694167,0.1163,1,0,0,1,0,1,0.570067
"427",58.0689245638319,1,0,0.486733,0.885417,0.192783,1,0,0,1,0,1,0.486733
"428",70.6823881882892,1,0,0.437488,0.880833,0.220775,1,0,0,1,0,0,0.437488
"429",74.5519952784632,1,1,0.43875,0.477917,0.386821,1,0,0,0,0,0,0.43875
"430",71.4282857137143,1,1,0.315654,0.29,0.187192,1,0,0,0,0,0,0.315654
"431",75.4850978670625,1,1,0.47095,0.48125,0.291671,1,0,0,0,0,0,0.47095
"432",78.3134726595622,1,1,0.482304,0.439167,0.31965,1,0,0,0,0,1,0.482304
"433",73.8850458482635,1,1,0.375621,0.580833,0.138067,1,0,0,1,0,1,0.375621
"434",78.9620161849987,1,0,0.421708,0.738333,0.250617,1,0,0,1,0,1,0.421708
"435",77.7238702072922,1,0,0.417287,0.67625,0.172267,1,0,0,1,0,0,0.417287
"436",77.0454411370329,1,1,0.427513,0.504348,0.312139,1,0,0,0,0,0,0.427513
"437",82.2921624457639,1,1,0.461483,0.396667,0.100133,1,0,0,0,0,0,0.461483
"438",80.2246844805263,1,1,0.53345,0.469583,0.180975,1,0,0,0,0,0,0.53345
"439",80.3554602998452,1,1,0.431163,0.374167,0.219529,1,0,0,0,0,1,0.431163
"440",80.3741251896405,1,1,0.390767,0.377083,0.300388,1,0,0,0,0,1,0.390767
"441",82.8070045346407,1,0,0.426129,0.254167,0.274871,1,0,0,0,0,1,0.426129
"442",71.8957578720748,1,0,0.492425,0.275833,0.232596,1,0,0,0,0,0,0.492425
"443",74.7328575661335,1,1,0.476638,0.3175,0.358196,1,0,0,0,0,0,0.476638
"444",76.9285382676676,1,1,0.436233,0.435,0.249375,1,0,0,0,0,0,0.436233
"445",69.7280431390413,1,1,0.337274,0.469565,0.295274,1,0,0,0,0,0,0.337274
"446",73.5459040327876,1,1,0.387604,0.46625,0.290429,1,0,0,0,0,1,0.387604
"447",79.9874990232849,1,1,0.431808,0.408333,0.155471,1,0,0,0,0,1,0.431808
"448",86.3712915267567,1,0,0.487996,0.502917,0.190917,1,0,0,0,0,1,0.487996
"449",84.4511693228696,1,0,0.573875,0.507917,0.225129,1,0,0,0,0,0,0.573875
"450",79.8122797569397,1,0,0.614925,0.561667,0.284829,1,0,0,0,0,0,0.614925
"451",81.7985329941803,1,1,0.598487,0.390417,0.273629,1,0,0,0,0,0,0.598487
"452",66.0832807902271,1,1,0.457038,0.569167,0.167912,1,0,0,1,0,0,0.457038
"453",81.0246875958186,1,1,0.493046,0.6125,0.0659292,1,0,0,0,0,1,0.493046
"454",85.3814968245462,1,1,0.515775,0.694583,0.149871,1,0,0,0,0,1,0.515775
"455",81.3879597975032,1,0,0.542921,0.682917,0.283587,1,0,0,0,0,1,0.542921
"456",32.0468407179241,1,0,0.389504,0.835417,0.344546,1,0,0,0,1,0,0.389504
"457",56.6921511322335,1,1,0.301125,0.766667,0.303496,1,0,0,1,0,0,0.301125
"458",75.0533143838432,1,1,0.405283,0.454167,0.249383,1,0,0,0,0,0,0.405283
"459",78.7146746166177,1,1,0.470317,0.427917,0.118792,1,0,0,0,0,0,0.470317
"460",70.8942874990644,1,1,0.483583,0.756667,0.176625,1,0,0,1,0,1,0.483583
"461",78.9493508523028,1,1,0.452637,0.400833,0.347633,1,0,0,0,0,1,0.452637
"462",64.9615270756469,1,0,0.377504,0.489583,0.129975,1,0,0,1,0,1,0.377504
"463",79.3977329651168,1,0,0.450121,0.587083,0.116908,1,0,0,0,0,0,0.450121
"464",74.6458304260861,1,1,0.457696,0.57,0.171638,1,0,0,1,0,0,0.457696
"465",75.7627876995032,1,1,0.577021,0.659583,0.156096,1,0,0,1,0,0,0.577021
"466",78.5429818634358,1,1,0.537896,0.797083,0.138058,1,0,0,0,0,0,0.537896
"467",80.1311425102625,1,1,0.537242,0.768333,0.133696,1,0,0,1,0,1,0.537242
"468",79.3473376995095,1,1,0.590917,0.735417,0.162938,1,0,0,0,0,1,0.590917
"469",82.9638475481942,1,0,0.584608,0.756667,0.152992,1,0,0,1,0,1,0.584608
"470",79.7433382797585,1,0,0.546737,0.74,0.149879,1,0,0,1,0,0,0.546737
"471",79.2022726946645,1,1,0.527142,0.664167,0.230721,1,0,0,1,0,0,0.527142
"472",75.683551713698,1,1,0.557471,0.685833,0.296029,1,0,0,1,0,0,0.557471
"473",68.6804193347711,1,1,0.553025,0.744167,0.216412,1,0,0,1,0,0,0.553025
"474",81.067872798045,1,1,0.491783,0.552083,0.314063,1,0,0,0,0,1,0.491783
"475",83.8450952650183,1,1,0.520833,0.360417,0.236937,1,0,0,0,0,1,0.520833
"476",86.191646927066,1,0,0.544817,0.480417,0.123133,1,0,0,0,0,1,0.544817
"477",78.2176450681047,1,0,0.585238,0.57625,0.225117,1,0,0,0,0,0,0.585238
"478",53.3197899470731,1,1,0.5499,0.789583,0.212692,1,0,0,1,0,0,0.5499
"479",71.5192281837549,1,1,0.576404,0.794583,0.147392,1,0,0,1,0,0,0.576404
"480",86.1626369141521,1,1,0.595975,0.697917,0.122512,1,0,0,0,0,0,0.595975
"481",85.9302042357633,1,1,0.572613,0.52,0.229475,1,0,0,0,0,1,0.572613
"482",87.4013729869274,1,1,0.551121,0.523333,0.136817,1,0,0,0,0,1,0.551121
"483",91.0714005602198,1,0,0.566908,0.45625,0.083975,1,0,0,0,0,1,0.566908
"484",84.4334057112468,1,0,0.583967,0.530417,0.254367,1,0,0,0,0,0,0.583967
"485",66.0227233609763,1,1,0.565667,0.81125,0.233204,1,0,0,1,0,0,0.565667
"486",77.9294552784761,1,1,0.580825,0.765833,0.118167,1,0,0,1,0,0,0.580825
"487",72.525857457875,1,1,0.584612,0.774583,0.102,1,0,0,1,0,0,0.584612
"488",82.2800097228968,1,1,0.6067,0.716667,0.172896,1,0,0,0,0,1,0.6067
"489",82.0609529557146,1,1,0.627529,0.747083,0.14055,1,0,0,0,0,1,0.627529
"490",80.8455317256309,1,0,0.642696,0.7325,0.198992,1,0,0,0,0,1,0.642696
"491",81.1849739791792,1,0,0.641425,0.697083,0.215171,1,0,0,0,0,0,0.641425
"492",77.7367352028627,1,0,0.6793,0.67625,0.196521,1,0,0,0,0,0,0.6793
"493",75.7825837511496,1,1,0.672992,0.684583,0.2954,1,0,0,0,0,0,0.672992
"494",82.7949273808486,1,1,0.611129,0.67,0.134329,1,0,0,1,0,0,0.611129
"495",85.6621269873682,1,1,0.631329,0.492917,0.195279,1,0,0,0,0,1,0.631329
"496",64.2417309853961,1,1,0.607962,0.755417,0.237563,1,0,0,1,0,1,0.607962
"497",90.1110426085505,1,0,0.566288,0.549167,0.186562,1,0,0,0,0,1,0.566288
"498",87.4128137060008,1,0,0.575133,0.493333,0.184087,1,0,0,0,0,0,0.575133
"499",83.6540495134575,1,1,0.578283,0.487083,0.284833,1,0,0,0,0,0,0.578283
"500",83.6719785830358,1,1,0.525892,0.613333,0.209575,1,0,0,1,0,0,0.525892
"501",83.9940474081348,1,1,0.542292,0.61125,0.077125,1,0,0,0,0,0,0.542292
"502",86.5678924313166,1,1,0.569442,0.567083,0.15735,1,0,0,0,0,1,0.569442
"503",87.9545337091841,1,1,0.597862,0.467917,0.175383,1,0,0,0,0,1,0.597862
"504",86.5909926031571,1,0,0.648367,0.437083,0.144287,1,0,0,0,0,1,0.648367
"505",81.2280739646091,1,0,0.663517,0.538333,0.133721,1,0,0,0,0,0,0.663517
"506",81.6333265278342,1,1,0.659721,0.587917,0.207713,1,0,0,1,0,0,0.659721
"507",70.5124102552168,1,1,0.597875,0.833333,0.214546,1,0,0,1,0,0,0.597875
"508",86.1452262171271,1,1,0.611117,0.582083,0.343279,1,0,0,0,0,0,0.611117
"509",85.8079250419214,1,1,0.624383,0.569583,0.253733,1,0,0,0,0,1,0.624383
"510",87.5499857224432,1,1,0.599754,0.589583,0.176617,1,0,0,0,0,1,0.599754
"511",87.7610391916595,1,0,0.594708,0.504167,0.166667,1,0,0,0,0,1,0.594708
"512",83.5344240418284,1,0,0.571975,0.59875,0.144904,1,0,0,0,0,0,0.571975
"513",71.4072825417688,1,1,0.544842,0.777917,0.174746,1,0,0,1,0,0,0.544842
"514",82.6135582092915,1,1,0.654692,0.69,0.148017,1,0,0,0,0,0,0.654692
"515",78.8098978555359,1,1,0.720975,0.592083,0.113812,1,0,0,0,0,0,0.720975
"516",76.3085840518614,1,1,0.724121,0.57375,0.182842,0,1,0,0,0,1,0.724121
"517",86.3597128295364,1,0,0.652792,0.534583,0.179721,0,1,0,0,0,1,0.652792
"518",83.0120473184465,1,0,0.674254,0.479167,0.145525,0,1,0,0,0,0,0.674254
"519",82.3346828499388,1,1,0.654042,0.504167,0.300383,0,1,0,0,0,0,0.654042
"520",86.2670273047588,1,1,0.594704,0.373333,0.347642,0,1,0,0,0,0,0.594704
"521",85.6446145417212,1,1,0.640792,0.36,0.271775,0,1,0,0,0,0,0.640792
"522",82.9397371589759,1,1,0.675512,0.4225,0.17165,0,1,0,0,0,1,0.675512
"523",75.4122006044115,1,0,0.687508,0.60125,0.161071,0,1,0,0,0,1,0.687508
"524",78.9113426574406,1,1,0.702038,0.447083,0.195267,0,1,0,0,0,0,0.702038
"525",81.6088230524127,1,1,0.70265,0.492083,0.126237,0,1,0,0,0,0,0.70265
"526",86.0406880493177,1,0,0.732337,0.53875,0.13495,0,1,0,0,0,0,0.732337
"527",81.0493676718085,1,1,0.654054,0.683333,0.180975,0,1,0,1,0,0,0.654054
"528",79.3095202355934,1,1,0.664796,0.6675,0.151737,0,1,0,1,0,0,0.664796
"529",85.2291030106501,1,1,0.650271,0.633333,0.151733,0,1,0,0,0,0,0.650271
"530",86.2902080192185,1,1,0.654683,0.529583,0.146775,0,1,0,0,0,1,0.654683
"531",86.596766683289,1,1,0.667933,0.485833,0.08085,0,1,0,1,0,1,0.667933
"532",83.4805366537614,1,0,0.666042,0.699167,0.143679,0,1,0,1,0,1,0.666042
"533",77.6595132614157,1,0,0.705196,0.717917,0.166667,0,1,0,0,0,0,0.705196
"534",82.6438140455775,1,1,0.724125,0.645,0.164187,0,1,0,0,0,0,0.724125
"535",75.5843899227876,1,1,0.745583,0.577083,0.137442,0,1,0,0,0,0,0.745583
"536",81.1849739791792,1,1,0.714642,0.600417,0.165429,0,1,0,0,0,1,0.714642
"537",76.6159252375118,1,1,0.613025,0.844167,0.208967,0,1,0,1,0,1,0.613025
"538",66.7757440991862,1,0,0.549912,0.865417,0.2133,0,1,0,0,1,1,0.549912
"539",86.0813568666294,1,0,0.623125,0.7625,0.0939208,0,1,0,1,0,0,0.623125
"540",83.4625664594613,1,1,0.690017,0.694167,0.138683,0,1,0,0,0,0,0.690017
"541",87.1320836431679,1,1,0.70645,0.655,0.211454,0,1,0,0,0,0,0.70645
"542",90.4046458983165,1,1,0.654054,0.45,0.1648,0,1,0,0,0,0,0.654054
"543",82.8311535595153,1,1,0.739263,0.596667,0.284813,0,1,0,0,0,1,0.739263
"544",83.090312311364,1,1,0.734217,0.594583,0.152992,0,1,0,0,0,1,0.734217
"545",81.7618492941543,1,0,0.697604,0.613333,0.15735,0,1,0,0,0,1,0.697604
"546",81.2219182240853,1,0,0.667933,0.62375,0.170396,0,1,0,0,0,0,0.667933
"547",84.2911620515461,1,1,0.684987,0.66875,0.153617,0,1,0,0,0,0,0.684987
"548",84.9470423263812,1,1,0.662896,0.704167,0.165425,0,1,0,0,0,0,0.662896
"549",87.0631954387157,1,1,0.667308,0.6775,0.141179,0,1,0,0,0,0,0.667308
"550",85.2115015710907,1,1,0.707088,0.659583,0.129354,0,1,0,0,0,1,0.707088
"551",84.7053717304871,1,1,0.722867,0.6425,0.215792,0,1,0,1,0,1,0.722867
"552",82.6075057122535,1,0,0.751267,0.613333,0.257458,0,1,0,0,0,1,0.751267
"553",73.9188744503053,1,0,0.731079,0.6525,0.290421,0,1,0,0,0,0,0.731079
"554",83.7436564761773,1,1,0.710246,0.654167,0.129354,0,1,0,1,0,0,0.710246
"555",85.2818855326264,1,1,0.697621,0.70375,0.116908,0,1,0,1,0,0,0.697621
"556",86.7986175005109,1,1,0.707717,0.672917,0.1107,0,1,0,1,0,0,0.707717
"557",85.3580693314932,1,1,0.699508,0.620417,0.1561,0,1,0,0,0,1,0.699508
"558",76.0657610229465,1,1,0.667942,0.715833,0.238813,0,1,0,1,0,1,0.667942
"559",79.3662396740579,1,0,0.638267,0.732917,0.206479,0,1,0,1,0,1,0.638267
"560",80.8949936646267,1,0,0.644579,0.530417,0.122512,0,1,0,0,0,0,0.644579
"561",82.9638475481942,1,1,0.662254,0.545417,0.136212,0,1,0,0,0,0,0.662254
"562",82.365041127896,1,1,0.676779,0.686667,0.169158,0,1,0,0,0,0,0.676779
"563",85.7146428563988,1,1,0.654037,0.619583,0.169771,0,1,0,0,0,0,0.654037
"564",87.2066511224918,1,1,0.654688,0.519167,0.141796,0,1,0,0,0,1,0.654688
"565",84.545845551393,1,1,0.2424,0.570833,0.231354,0,1,0,0,0,1,0.2424
"566",88.684835231284,1,0,0.618071,0.603333,0.177867,0,1,0,0,0,1,0.618071
"567",67.446274915669,1,0,0.603554,0.711667,0.08645,0,1,0,1,0,0,0.603554
"568",80.8084154033477,1,1,0.595967,0.734167,0.129979,0,1,0,1,0,0,0.595967
"569",83.7018518313663,1,1,0.601025,0.67375,0.0727708,0,1,0,0,0,0,0.601025
"570",85.8778201865883,1,1,0.621854,0.677083,0.0702833,0,1,0,0,0,0,0.621854
"571",88.1192374002408,1,1,0.637008,0.635833,0.0845958,0,1,0,0,0,1,0.637008
"572",87.0746805908583,1,1,0.6471,0.615,0.0721458,0,1,0,1,0,1,0.6471
"573",77.8010282708397,1,0,0.618696,0.712917,0.244408,0,1,0,1,0,1,0.618696
"574",72.4913787977577,1,0,0.595996,0.845833,0.228858,0,1,0,1,0,0,0.595996
"575",83.168503653727,1,1,0.654688,0.730417,0.128733,0,1,0,0,0,0,0.654688
"576",83.9047078536121,1,1,0.66605,0.62,0.190925,0,1,0,0,0,0,0.66605
"577",87.7325481221194,1,1,0.635733,0.552083,0.112562,0,1,0,0,0,0,0.635733
"578",87.8236870098267,1,1,0.652779,0.590417,0.0771167,0,1,0,0,0,1,0.652779
"579",85.7321409974112,1,1,0.6894,0.5875,0.168533,0,1,0,0,0,1,0.6894
"580",78.3581520966389,1,0,0.702654,0.638333,0.113187,0,1,0,1,0,1,0.702654
"581",76.223356000638,1,0,0.649,0.815,0.0640708,0,1,0,1,0,0,0.649
"582",77.6788259437538,1,0,0.661629,0.790833,0.151121,0,1,0,0,0,0,0.661629
"583",82.8492607088319,1,1,0.686888,0.755,0.236321,0,1,0,0,0,0,0.686888
"584",84.3326745692321,1,1,0.708983,0.74125,0.187808,0,1,0,0,0,0,0.708983
"585",78.7591264552877,1,1,0.655329,0.810417,0.142421,0,1,0,1,0,1,0.655329
"586",86.6256313108309,1,1,0.657204,0.73625,0.171646,0,1,0,0,0,1,0.657204
"587",77.3045923603508,1,0,0.611121,0.799167,0.281104,0,1,0,1,0,1,0.611121
"588",90.7028114227999,1,0,0.578925,0.5475,0.224496,0,1,0,0,0,0,0.578925
"589",86.7467578644874,1,1,0.565654,0.50375,0.258713,0,1,0,0,0,0,0.565654
"590",88.1305849294103,1,1,0.554292,0.52,0.0920542,0,1,0,0,0,0,0.554292
"591",88.7130204648675,1,1,0.570075,0.577083,0.131846,0,1,0,0,0,0,0.570075
"592",88.3402513014311,1,1,0.579558,0.637083,0.0827208,0,1,0,0,0,1,0.579558
"593",89.4930164873215,1,1,0.594083,0.6725,0.103863,0,1,0,0,0,1,0.594083
"594",93.3488082409197,1,0,0.585867,0.501667,0.247521,0,1,0,0,0,1,0.585867
"595",85.6329375882902,1,0,0.563125,0.57,0.0901833,0,1,0,0,0,0,0.563125
"596",82.8794304999739,1,1,0.55305,0.734583,0.151742,0,1,0,1,0,0,0.55305
"597",63.8200595424354,1,1,0.565067,0.8725,0.357587,0,1,0,1,0,0,0.565067
"598",87.1263450398328,1,1,0.540404,0.536667,0.215175,0,1,0,0,0,0,0.540404
"599",87.8635305459552,1,1,0.532192,0.618333,0.118167,0,1,0,0,0,1,0.532192
"600",90.3714556704715,1,1,0.571971,0.66875,0.154229,0,1,0,0,0,1,0.571971
"601",91.6242326025162,1,0,0.610488,0.646667,0.283583,0,1,0,0,0,1,0.610488
"602",88.9213135305591,1,0,0.518933,0.467083,0.223258,0,0,1,0,0,0,0.518933
"603",86.2322445492404,1,1,0.502513,0.492917,0.142404,0,0,1,0,0,0,0.502513
"604",86.821656284593,1,1,0.544179,0.57,0.236321,0,0,1,0,0,0,0.544179
"605",87.9374777896205,1,1,0.596613,0.630833,0.2444,0,0,1,0,0,0,0.596613
"606",85.9825563704639,1,1,0.607975,0.690833,0.134342,0,0,1,1,0,1,0.607975
"607",86.1103942622492,1,1,0.585863,0.69,0.164179,0,0,1,1,0,1,0.585863
"608",92.4932429964481,1,0,0.530296,0.542917,0.227604,0,0,1,0,0,1,0.530296
"609",83,1,0,0.517663,0.583333,0.134958,0,0,1,0,0,0,0.517663
"610",82.3286098510111,1,1,0.512,0.649167,0.0908042,0,0,1,1,0,0,0.512
"611",68.1102048154313,1,1,0.542333,0.871667,0.104475,0,0,1,0,1,0,0.542333
"612",87.0172396712284,1,1,0.599133,0.79375,0.0665458,0,0,1,1,0,0,0.599133
"613",85.6037382361308,1,1,0.607975,0.722917,0.117546,0,0,1,1,0,1,0.607975
"614",90.3105752390051,1,1,0.580187,0.6275,0.10635,0,0,1,0,0,1,0.580187
"615",89.2468486838611,1,0,0.538521,0.664167,0.268025,0,0,1,0,0,1,0.538521
"616",59.2452529743945,1,0,0.419813,0.708333,0.141162,0,0,1,1,0,0,0.419813
"617",74.0135122798533,1,0,0.387608,0.709583,0.189679,0,0,1,1,0,0,0.387608
"618",79.9499843652267,1,1,0.438112,0.761667,0.1903,0,0,1,1,0,0,0.438112
"619",87.6983466206747,1,1,0.503142,0.630833,0.187821,0,0,1,0,0,0,0.503142
"620",87.0057469366248,1,1,0.431167,0.463333,0.181596,0,0,1,0,0,1,0.431167
"621",85.3346354067327,1,1,0.433071,0.539167,0.235092,0,0,1,0,0,1,0.433071
"622",84.3148859929254,1,0,0.391396,0.494583,0.146142,0,0,1,0,0,1,0.391396
"623",81.4800589101407,1,0,0.508204,0.640417,0.278612,0,0,1,0,0,0,0.508204
"624",76.6485485837795,1,1,0.53915,0.7075,0.296037,0,0,1,1,0,0,0.53915
"625",86.7986175005109,1,1,0.460846,0.558333,0.182221,0,0,1,0,0,0,0.460846
"626",86.3770802933278,1,1,0.450108,0.692917,0.101371,0,0,1,0,0,0,0.450108
"627",86.6544863235597,1,1,0.512625,0.728333,0.236937,0,0,1,1,0,1,0.512625
"628",73.6478105580879,1,1,0.537896,0.815,0.134954,0,0,1,1,0,1,0.537896
"629",89.9444272870754,1,0,0.472842,0.572917,0.117537,0,0,1,0,0,1,0.472842
"630",82.6075057122535,1,0,0.456429,0.51,0.166054,0,0,1,0,0,0,0.456429
"631",84.0119039184329,1,1,0.482942,0.568333,0.0814833,0,0,1,0,0,0,0.482942
"632",86.4060183089118,1,1,0.530304,0.641667,0.0945458,0,0,1,0,0,0,0.530304
"633",87.7097486029917,1,1,0.558721,0.63625,0.0727792,0,0,1,0,0,0,0.558721
"634",85.7846140050767,1,1,0.529688,0.800417,0.124375,0,0,1,1,0,1,0.529688
"635",86.278618440492,1,1,0.52275,0.807083,0.132467,0,0,1,1,0,1,0.52275
"636",88.6115116675029,1,0,0.515133,0.72,0.235692,0,0,1,1,0,1,0.515133
"637",66.7757440991862,1,0,0.467771,0.694583,0.398008,0,0,1,1,0,0,0.467771
"638",74.6056298143779,1,1,0.3611,0.666667,0.166667,0,0,1,1,0,0,0.3611
"639",77.3692445355388,1,1,0.369942,0.581667,0.157346,0,0,1,1,0,1,0.369942
"640",76.4656785754236,1,1,0.356042,0.522083,0.266175,0,0,1,0,0,1,0.356042
"641",71.6798437498297,1,0,0.323846,0.49125,0.270529,0,0,1,1,0,1,0.323846
"642",71.4632772828115,1,0,0.329538,0.532917,0.179108,0,0,1,0,0,0,0.329538
"643",72.5189630372636,1,1,0.308075,0.494167,0.236325,0,0,1,0,0,0,0.308075
"644",75.4055700860354,1,1,0.281567,0.567083,0.173513,0,0,1,0,0,0,0.281567
"645",70.9577338984272,1,1,0.274621,0.5475,0.304108,0,0,1,1,0,0,0.274621
"646",72.9040465269247,1,1,0.341891,0.333478,0.347835,0,0,1,0,0,1,0.341891
"647",77.4080099214545,1,1,0.355413,0.540833,0.214558,0,0,1,0,0,1,0.355413
"648",80.8455317256309,1,0,0.393937,0.645417,0.0578458,0,0,1,0,0,1,0.393937
"649",82.7768083462995,1,0,0.421713,0.659167,0.1275,0,0,1,0,0,0,0.421713
"650",79.1770168672703,1,0,0.475383,0.741667,0.173517,0,0,1,0,0,0,0.475383
"651",63.9843730921856,1,1,0.323225,0.662917,0.342046,0,0,1,1,0,0,0.323225
"652",74.128267212987,1,1,0.281563,0.552083,0.199625,0,0,1,0,0,0,0.281563
"653",73.7902432574931,1,1,0.324492,0.620417,0.152987,0,0,1,1,0,1,0.324492
"654",75.4850978670625,1,1,0.347204,0.524583,0.171025,0,0,1,0,0,1,0.347204
"655",75.0266619276108,1,0,0.326383,0.545417,0.179729,0,0,1,0,0,1,0.326383
"656",68.330081223426,1,0,0.337746,0.692917,0.227612,0,0,1,0,0,0,0.337746
"657",74.1552425658496,1,1,0.375621,0.623333,0.235067,0,0,1,1,0,0,0.375621
"658",75.0599760191808,1,1,0.380667,0.685,0.082725,0,0,1,1,0,0,0.380667
"659",71.7356257378438,1,1,0.364892,0.61375,0.103246,0,0,1,0,0,0,0.364892
"660",71.3232080041272,1,1,0.339004,0.535417,0.04665,0,0,1,0,0,0,0.339004
"661",62.9205848669575,1,1,0.281558,0.786667,0.237562,0,0,1,1,0,0,0.281558
"662",72.525857457875,1,1,0.289762,0.50625,0.210821,0,0,1,0,0,0,0.289762
"663",72.9588925354545,1,1,0.298422,0.555652,0.115522,0,0,1,0,0,1,0.298422
"664",75.2861208988748,1,1,0.323867,0.649583,0.0584708,0,0,1,0,0,1,0.323867
"665",72.0485947121802,1,0,0.316904,0.806667,0.0597042,0,0,1,1,0,1,0.316904
"666",68.1835757349231,1,0,0.359208,0.823333,0.124379,0,0,1,1,0,0,0.359208
"667",78.9556837726075,1,1,0.455796,0.7675,0.0827208,0,0,1,0,0,0,0.455796
"668",81.2773031048644,1,1,0.469054,0.73375,0.174129,0,0,1,0,0,0,0.469054
"669",75.690157880665,1,1,0.428012,0.485,0.324021,0,0,1,0,0,0,0.428012
"670",73.3143914930759,1,1,0.258204,0.50875,0.174754,0,0,1,0,0,1,0.258204
"671",70.7672240518165,1,1,0.321958,0.764167,0.1306,0,0,1,1,0,1,0.321958
"672",74.7127833774114,1,0,0.389508,0.91125,0.101379,0,0,1,1,0,1,0.389508
"673",56.8154908453672,1,0,0.390146,0.905417,0.157975,0,0,1,1,0,0,0.390146
"674",71.9027120489902,1,1,0.435575,0.925,0.190308,0,0,1,1,0,0,0.435575
"675",74.1687265631546,1,1,0.338363,0.596667,0.296037,0,0,1,1,0,0,0.338363
"676",72.9314746868593,1,1,0.297338,0.538333,0.162937,0,0,1,1,0,0,0.297338
"677",74.3774159271482,1,1,0.294188,0.485833,0.174129,0,0,1,0,0,1,0.294188
"678",74.90660852021,1,1,0.294192,0.642917,0.131229,0,0,1,0,0,1,0.294192
"679",71.0422409556455,1,0,0.338383,0.650417,0.10635,0,0,1,0,0,1,0.338383
"680",61.5304802516606,1,0,0.369938,0.83875,0.100742,0,0,1,1,0,0,0.369938
"681",67.7126280689208,1,1,0.4015,0.907083,0.0982583,0,0,1,1,0,0,0.4015
"682",74.5452882481515,1,1,0.409708,0.66625,0.221404,0,0,1,0,0,0,0.409708
"683",72.5741000633146,1,1,0.342162,0.625417,0.184092,0,0,1,0,0,0,0.342162
"684",64.249513616836,1,1,0.335217,0.667917,0.132463,0,0,1,1,0,1,0.335217
"685",60.1913615064488,1,1,0.301767,0.556667,0.374383,0,0,0,1,0,1,0.301767
"686",41.821047332653,1,0,0.236113,0.44125,0.407346,0,0,0,0,0,1,0.236113
"687",42.2729227756965,1,0,0.259471,0.515417,0.133083,0,0,0,0,0,0,0.259471
"688",45.9782557302906,1,1,0.226642,0.652917,0.350133,0,0,0,1,0,1,0.226642
"689",55.6327241828045,1,1,0.255046,0.59,0.155471,0,0,0,1,0,1,0.255046
"690",36.6196668472011,1,0,0.2424,0.752917,0.124383,0,0,0,1,0,1,0.2424
"691",42.3792402008342,1,0,0.2317,0.483333,0.350754,0,0,0,0,0,0,0.2317
"692",52.2398315464359,1,1,0.223487,0.5775,0.154846,0,0,0,1,0,0,0.223487
